// quant4h viz payload — 2026-09 · üretim: 2026-09-19T15:33:56+00:00Z
// UYARI: BU TXT'YI PINE'A DOGRUDAN YAPISTIRMAYIN (M9c vakasi: baslik yorumlari
//   `payloadMeta =` satirina karisir; cok-varlik bloklari duplicate-declaration verir).
//   HAZIR DOSYA: viz/quant4h_viz_<ASSET>_2026-09.pine -> TAMAMINI kopyala-yapistir.
// AKIŞ: capped · hücre: P0xA0 (Aşama 9 kilidi) · kaynak: data/processed frame'leri
// UNTESTED-VIZ — DOĞRULUK KAYNAĞI DEĞİLDİR (kaynak: repo raporları/parquet'leri).
// watch_only: trade YOK · emir YOK · tavsiye YOK · icra open[t+1] burada gösterilmez.

// ================= BTC =================
// ---- PAYLOAD-BEGIN (export_viz_payload.py — otomatik; elle düzenlemeyin)
payloadMeta = "BTC · 2026-09 · 750 bar · capped P0xA0 · final sinyal: 5 · son bar 2026-09-16 08:00 UTC · UNTESTED-VIZ — dogruluk kaynagi DEGIL"
payloadOK   = true
f_ts() => array.from<int>(1778760000000, 1778774400000, 1778788800000, 1778803200000, 1778817600000, 1778832000000, 1778846400000, 1778860800000, 1778875200000, 1778889600000, 1778904000000, 1778918400000, 1778932800000, 1778947200000, 1778961600000, 1778976000000, 1778990400000, 1779004800000, 1779019200000, 1779033600000, 1779048000000, 1779062400000, 1779076800000, 1779091200000, 1779105600000, 1779120000000, 1779134400000, 1779148800000, 1779163200000, 1779177600000, 1779192000000, 1779206400000, 1779220800000, 1779235200000, 1779249600000, 1779264000000, 1779278400000, 1779292800000, 1779307200000, 1779321600000, 1779336000000, 1779350400000, 1779364800000, 1779379200000, 1779393600000, 1779408000000, 1779422400000, 1779436800000, 1779451200000, 1779465600000, 1779480000000, 1779494400000, 1779508800000, 1779523200000, 1779537600000, 1779552000000, 1779566400000, 1779580800000, 1779595200000, 1779609600000, 1779624000000, 1779638400000, 1779652800000, 1779667200000, 1779681600000, 1779696000000, 1779710400000, 1779724800000, 1779739200000, 1779753600000, 1779768000000, 1779782400000, 1779796800000, 1779811200000, 1779825600000, 1779840000000, 1779854400000, 1779868800000, 1779883200000, 1779897600000, 1779912000000, 1779926400000, 1779940800000, 1779955200000, 1779969600000, 1779984000000, 1779998400000, 1780012800000, 1780027200000, 1780041600000, 1780056000000, 1780070400000, 1780084800000, 1780099200000, 1780113600000, 1780128000000, 1780142400000, 1780156800000, 1780171200000, 1780185600000, 1780200000000, 1780214400000, 1780228800000, 1780243200000, 1780257600000, 1780272000000, 1780286400000, 1780300800000, 1780315200000, 1780329600000, 1780344000000, 1780358400000, 1780372800000, 1780387200000, 1780401600000, 1780416000000, 1780430400000, 1780444800000, 1780459200000, 1780473600000, 1780488000000, 1780502400000, 1780516800000, 1780531200000, 1780545600000, 1780560000000, 1780574400000, 1780588800000, 1780603200000, 1780617600000, 1780632000000, 1780646400000, 1780660800000, 1780675200000, 1780689600000, 1780704000000, 1780718400000, 1780732800000, 1780747200000, 1780761600000, 1780776000000, 1780790400000, 1780804800000, 1780819200000, 1780833600000, 1780848000000, 1780862400000, 1780876800000, 1780891200000, 1780905600000, 1780920000000, 1780934400000, 1780948800000, 1780963200000, 1780977600000, 1780992000000, 1781006400000, 1781020800000, 1781035200000, 1781049600000, 1781064000000, 1781078400000, 1781092800000, 1781107200000, 1781121600000, 1781136000000, 1781150400000, 1781164800000, 1781179200000, 1781193600000, 1781208000000, 1781222400000, 1781236800000, 1781251200000, 1781265600000, 1781280000000, 1781294400000, 1781308800000, 1781323200000, 1781337600000, 1781352000000, 1781366400000, 1781380800000, 1781395200000, 1781409600000, 1781424000000, 1781438400000, 1781452800000, 1781467200000, 1781481600000, 1781496000000, 1781510400000, 1781524800000, 1781539200000, 1781553600000, 1781568000000, 1781582400000, 1781596800000, 1781611200000, 1781625600000, 1781640000000, 1781654400000, 1781668800000, 1781683200000, 1781697600000, 1781712000000, 1781726400000, 1781740800000, 1781755200000, 1781769600000, 1781784000000, 1781798400000, 1781812800000, 1781827200000, 1781841600000, 1781856000000, 1781870400000, 1781884800000, 1781899200000, 1781913600000, 1781928000000, 1781942400000, 1781956800000, 1781971200000, 1781985600000, 1782000000000, 1782014400000, 1782028800000, 1782043200000, 1782057600000, 1782072000000, 1782086400000, 1782100800000, 1782115200000, 1782129600000, 1782144000000, 1782158400000, 1782172800000, 1782187200000, 1782201600000, 1782216000000, 1782230400000, 1782244800000, 1782259200000, 1782273600000, 1782288000000, 1782302400000, 1782316800000, 1782331200000, 1782345600000, 1782360000000, 1782374400000, 1782388800000, 1782403200000, 1782417600000, 1782432000000, 1782446400000, 1782460800000, 1782475200000, 1782489600000, 1782504000000, 1782518400000, 1782532800000, 1782547200000, 1782561600000, 1782576000000, 1782590400000, 1782604800000, 1782619200000, 1782633600000, 1782648000000, 1782662400000, 1782676800000, 1782691200000, 1782705600000, 1782720000000, 1782734400000, 1782748800000, 1782763200000, 1782777600000, 1782792000000, 1782806400000, 1782820800000, 1782835200000, 1782849600000, 1782864000000, 1782878400000, 1782892800000, 1782907200000, 1782921600000, 1782936000000, 1782950400000, 1782964800000, 1782979200000, 1782993600000, 1783008000000, 1783022400000, 1783036800000, 1783051200000, 1783065600000, 1783080000000, 1783094400000, 1783108800000, 1783123200000, 1783137600000, 1783152000000, 1783166400000, 1783180800000, 1783195200000, 1783209600000, 1783224000000, 1783238400000, 1783252800000, 1783267200000, 1783281600000, 1783296000000, 1783310400000, 1783324800000, 1783339200000, 1783353600000, 1783368000000, 1783382400000, 1783396800000, 1783411200000, 1783425600000, 1783440000000, 1783454400000, 1783468800000, 1783483200000, 1783497600000, 1783512000000, 1783526400000, 1783540800000, 1783555200000, 1783569600000, 1783584000000, 1783598400000, 1783612800000, 1783627200000, 1783641600000, 1783656000000, 1783670400000, 1783684800000, 1783699200000, 1783713600000, 1783728000000, 1783742400000, 1783756800000, 1783771200000, 1783785600000, 1783800000000, 1783814400000, 1783828800000, 1783843200000, 1783857600000, 1783872000000, 1783886400000, 1783900800000, 1783915200000, 1783929600000, 1783944000000, 1783958400000, 1783972800000, 1783987200000, 1784001600000, 1784016000000, 1784030400000, 1784044800000, 1784059200000, 1784073600000, 1784088000000, 1784102400000, 1784116800000, 1784131200000, 1784145600000, 1784160000000, 1784174400000, 1784188800000, 1784203200000, 1784217600000, 1784232000000, 1784246400000, 1784260800000, 1784275200000, 1784289600000, 1784304000000, 1784318400000, 1784332800000, 1784347200000, 1784361600000, 1784376000000, 1784390400000, 1784404800000, 1784419200000, 1784433600000, 1784448000000, 1784462400000, 1784476800000, 1784491200000, 1784505600000, 1784520000000, 1784534400000, 1784548800000, 1784563200000, 1784577600000, 1784592000000, 1784606400000, 1784620800000, 1784635200000, 1784649600000, 1784664000000, 1784678400000, 1784692800000, 1784707200000, 1784721600000, 1784736000000, 1784750400000, 1784764800000, 1784779200000, 1784793600000, 1784808000000, 1784822400000, 1784836800000, 1784851200000, 1784865600000, 1784880000000, 1784894400000, 1784908800000, 1784923200000, 1784937600000, 1784952000000, 1784966400000, 1784980800000, 1784995200000, 1785009600000, 1785024000000, 1785038400000, 1785052800000, 1785067200000, 1785081600000, 1785096000000, 1785110400000, 1785124800000, 1785139200000, 1785153600000, 1785168000000, 1785182400000, 1785196800000, 1785211200000, 1785225600000, 1785240000000, 1785254400000, 1785268800000, 1785283200000, 1785297600000, 1785312000000, 1785326400000, 1785340800000, 1785355200000, 1785369600000, 1785384000000, 1785398400000, 1785412800000, 1785427200000, 1785441600000, 1785456000000, 1785470400000, 1785484800000, 1785499200000, 1785513600000, 1785528000000, 1785542400000, 1785556800000, 1785571200000, 1785585600000, 1785600000000, 1785614400000, 1785628800000, 1785643200000, 1785657600000, 1785672000000, 1785686400000, 1785700800000, 1785715200000, 1785729600000, 1785744000000, 1785758400000, 1785772800000, 1785787200000, 1785801600000, 1785816000000, 1785830400000, 1785844800000, 1785859200000, 1785873600000, 1785888000000, 1785902400000, 1785916800000, 1785931200000, 1785945600000, 1785960000000, 1785974400000, 1785988800000, 1786003200000, 1786017600000, 1786032000000, 1786046400000, 1786060800000, 1786075200000, 1786089600000, 1786104000000, 1786118400000, 1786132800000, 1786147200000, 1786161600000, 1786176000000, 1786190400000, 1786204800000, 1786219200000, 1786233600000, 1786248000000, 1786262400000, 1786276800000, 1786291200000, 1786305600000, 1786320000000, 1786334400000, 1786348800000, 1786363200000, 1786377600000, 1786392000000, 1786406400000, 1786420800000, 1786435200000, 1786449600000, 1786464000000, 1786478400000, 1786492800000, 1786507200000, 1786521600000, 1786536000000, 1786550400000, 1786564800000, 1786579200000, 1786593600000, 1786608000000, 1786622400000, 1786636800000, 1786651200000, 1786665600000, 1786680000000, 1786694400000, 1786708800000, 1786723200000, 1786737600000, 1786752000000, 1786766400000, 1786780800000, 1786795200000, 1786809600000, 1786824000000, 1786838400000, 1786852800000, 1786867200000, 1786881600000, 1786896000000, 1786910400000, 1786924800000, 1786939200000, 1786953600000, 1786968000000, 1786982400000, 1786996800000, 1787011200000, 1787025600000, 1787040000000, 1787054400000, 1787068800000, 1787083200000, 1787097600000, 1787112000000, 1787126400000, 1787140800000, 1787155200000, 1787169600000, 1787184000000, 1787198400000, 1787212800000, 1787227200000, 1787241600000, 1787256000000, 1787270400000, 1787284800000, 1787299200000, 1787313600000, 1787328000000, 1787342400000, 1787356800000, 1787371200000, 1787385600000, 1787400000000, 1787414400000, 1787428800000, 1787443200000, 1787457600000, 1787472000000, 1787486400000, 1787500800000, 1787515200000, 1787529600000, 1787544000000, 1787558400000, 1787572800000, 1787587200000, 1787601600000, 1787616000000, 1787630400000, 1787644800000, 1787659200000, 1787673600000, 1787688000000, 1787702400000, 1787716800000, 1787731200000, 1787745600000, 1787760000000, 1787774400000, 1787788800000, 1787803200000, 1787817600000, 1787832000000, 1787846400000, 1787860800000, 1787875200000, 1787889600000, 1787904000000, 1787918400000, 1787932800000, 1787947200000, 1787961600000, 1787976000000, 1787990400000, 1788004800000, 1788019200000, 1788033600000, 1788048000000, 1788062400000, 1788076800000, 1788091200000, 1788105600000, 1788120000000, 1788134400000, 1788148800000, 1788163200000, 1788177600000, 1788192000000, 1788206400000, 1788220800000, 1788235200000, 1788249600000, 1788264000000, 1788278400000, 1788292800000, 1788307200000, 1788321600000, 1788336000000, 1788350400000, 1788364800000, 1788379200000, 1788393600000, 1788408000000, 1788422400000, 1788436800000, 1788451200000, 1788465600000, 1788480000000, 1788494400000, 1788508800000, 1788523200000, 1788537600000, 1788552000000, 1788566400000, 1788580800000, 1788595200000, 1788609600000, 1788624000000, 1788638400000, 1788652800000, 1788667200000, 1788681600000, 1788696000000, 1788710400000, 1788724800000, 1788739200000, 1788753600000, 1788768000000, 1788782400000, 1788796800000, 1788811200000, 1788825600000, 1788840000000, 1788854400000, 1788868800000, 1788883200000, 1788897600000, 1788912000000, 1788926400000, 1788940800000, 1788955200000, 1788969600000, 1788984000000, 1788998400000, 1789012800000, 1789027200000, 1789041600000, 1789056000000, 1789070400000, 1789084800000, 1789099200000, 1789113600000, 1789128000000, 1789142400000, 1789156800000, 1789171200000, 1789185600000, 1789200000000, 1789214400000, 1789228800000, 1789243200000, 1789257600000, 1789272000000, 1789286400000, 1789300800000, 1789315200000, 1789329600000, 1789344000000, 1789358400000, 1789372800000, 1789387200000, 1789401600000, 1789416000000, 1789430400000, 1789444800000, 1789459200000, 1789473600000, 1789488000000, 1789502400000, 1789516800000, 1789531200000, 1789545600000)
f_ema200() => array.from<float>(77606.49, 77644.43, 77678.72, 77712.35, 77743.23, 77771.93, 77785.65, 77799.19, 77812.27, 77824.91, 77830.33, 77832.83, 77836.87, 77841.08, 77844.13, 77845.97, 77849.30, 77854.93, 77856.89, 77862.45, 77858.42, 77849.13, 77841.41, 77835.88, 77821.69, 77812.80, 77804.73, 77794.60, 77789.02, 77778.33, 77765.82, 77756.40, 77747.22, 77737.04, 77732.52, 77729.03, 77726.31, 77725.73, 77724.00, 77727.53, 77729.14, 77723.76, 77719.14, 77718.86, 77717.83, 77718.45, 77715.36, 77712.51, 77703.34, 77685.00, 77663.65, 77643.47, 77613.28, 77585.18, 77564.64, 77548.90, 77540.97, 77533.10, 77525.81, 77523.76, 77512.30, 77504.94, 77500.57, 77495.85, 77494.91, 77493.54, 77494.89, 77494.36, 77492.64, 77484.40, 77476.90, 77473.98, 77464.47, 77450.42, 77435.29, 77417.85, 77403.52, 77387.25, 77366.74, 77343.85, 77315.05, 77274.68, 77237.10, 77199.97, 77157.47, 77120.28, 77085.43, 77047.78, 77012.76, 76977.69, 76946.15, 76912.06, 76877.72, 76844.35, 76811.56, 76779.62, 76751.27, 76724.06, 76695.80, 76670.48, 76642.62, 76615.71, 76586.25, 76556.17, 76527.50, 76500.05, 76463.42, 76423.78, 76371.10, 76323.58, 76274.68, 76221.73, 76161.00, 76094.34, 76006.88, 75920.40, 75829.26, 75729.96, 75645.28, 75559.93, 75465.56, 75366.02, 75254.35, 75145.98, 75031.13, 74906.90, 74797.34, 74686.22, 74578.75, 74460.85, 74347.97, 74224.75, 74087.57, 73950.39, 73822.09, 73691.39, 73565.16, 73438.17, 73312.26, 73185.77, 73063.37, 72950.31, 72845.38, 72743.65, 72637.69, 72525.15, 72433.68, 72341.11, 72250.99, 72163.71, 72080.23, 71993.58, 71904.95, 71815.10, 71729.37, 71639.63, 71535.08, 71441.18, 71344.55, 71247.09, 71151.97, 71051.29, 70967.59, 70877.79, 70784.58, 70704.04, 70624.59, 70549.79, 70472.18, 70403.86, 70336.41, 70268.64, 70197.32, 70133.32, 70068.24, 70003.78, 69939.86, 69876.10, 69816.10, 69757.94, 69703.59, 69649.79, 69598.13, 69547.86, 69496.93, 69447.66, 69393.71, 69338.07, 69302.33, 69268.75, 69232.99, 69203.14, 69184.13, 69158.56, 69130.40, 69100.90, 69073.74, 69047.95, 69016.23, 68982.99, 68950.08, 68919.25, 68885.62, 68845.07, 68814.29, 68769.39, 68727.00, 68682.78, 68641.27, 68594.83, 68532.89, 68477.34, 68422.42, 68366.22, 68309.14, 68252.59, 68202.46, 68150.90, 68105.06, 68059.01, 68015.19, 67972.14, 67934.20, 67894.42, 67858.64, 67824.48, 67788.33, 67752.38, 67717.28, 67682.35, 67638.86, 67602.40, 67568.65, 67539.68, 67512.79, 67482.53, 67448.08, 67414.42, 67369.36, 67320.98, 67272.89, 67224.29, 67179.62, 67135.34, 67090.79, 67049.30, 66981.64, 66911.76, 66853.71, 66794.31, 66745.72, 66691.35, 66620.38, 66547.74, 66480.53, 66416.41, 66357.86, 66288.76, 66229.45, 66165.00, 66104.62, 66046.92, 65992.21, 65936.20, 65885.49, 65828.68, 65770.97, 65715.51, 65660.83, 65607.91, 65551.01, 65490.62, 65431.78, 65378.22, 65324.97, 65271.55, 65217.34, 65169.74, 65120.89, 65066.23, 65011.08, 64953.19, 64887.80, 64827.41, 64765.69, 64710.28, 64651.16, 64591.17, 64546.95, 64501.99, 64457.43, 64423.61, 64381.09, 64351.01, 64323.76, 64295.46, 64268.24, 64240.04, 64215.27, 64193.47, 64170.87, 64151.36, 64135.76, 64120.75, 64105.38, 64089.22, 64077.82, 64070.03, 64060.81, 64047.96, 64037.74, 64024.02, 64011.24, 63998.88, 63995.41, 63988.43, 63979.48, 63964.60, 63960.43, 63958.23, 63959.06, 63951.42, 63942.78, 63937.44, 63937.37, 63936.18, 63930.49, 63918.90, 63908.65, 63892.64, 63870.86, 63855.01, 63839.44, 63820.88, 63812.71, 63802.50, 63793.20, 63787.78, 63782.23, 63783.87, 63785.65, 63792.02, 63794.48, 63795.71, 63799.35, 63802.85, 63806.42, 63810.32, 63813.95, 63818.65, 63818.66, 63822.69, 63823.31, 63825.25, 63828.74, 63832.71, 63832.19, 63821.98, 63813.66, 63804.59, 63792.78, 63777.81, 63763.45, 63751.60, 63739.76, 63730.85, 63740.93, 63749.18, 63762.06, 63772.31, 63780.04, 63789.52, 63805.82, 63817.47, 63826.81, 63834.71, 63838.72, 63842.88, 63851.45, 63855.64, 63855.38, 63852.54, 63842.35, 63836.93, 63833.10, 63836.36, 63837.31, 63839.11, 63840.74, 63843.02, 63845.80, 63852.84, 63862.60, 63871.00, 63879.36, 63885.21, 63892.18, 63897.85, 63906.06, 63915.65, 63919.27, 63930.05, 63946.65, 63958.54, 63971.45, 63987.32, 64009.21, 64032.46, 64058.77, 64082.51, 64107.12, 64128.04, 64145.11, 64163.70, 64182.45, 64199.77, 64218.82, 64233.18, 64245.21, 64258.25, 64265.21, 64271.00, 64279.24, 64290.96, 64302.99, 64310.75, 64308.59, 64307.77, 64306.10, 64303.90, 64300.91, 64298.55, 64297.39, 64298.30, 64299.06, 64301.63, 64302.31, 64304.35, 64308.96, 64312.81, 64323.62, 64333.18, 64342.02, 64349.57, 64351.61, 64357.90, 64351.91, 64341.88, 64333.56, 64324.77, 64320.83, 64316.68, 64312.68, 64307.11, 64309.64, 64311.61, 64308.15, 64301.00, 64297.85, 64296.50, 64293.81, 64298.72, 64303.02, 64307.96, 64312.66, 64313.23, 64309.62, 64304.60, 64288.80, 64275.70, 64261.89, 64249.38, 64237.45, 64225.89, 64213.76, 64197.01, 64183.34, 64176.16, 64169.50, 64158.18, 64147.74, 64140.86, 64135.18, 64122.59, 64107.65, 64092.25, 64088.30, 64086.12, 64080.49, 64077.70, 64073.80, 64072.33, 64072.85, 64074.45, 64074.77, 64075.85, 64076.73, 64076.71, 64079.81, 64087.38, 64093.13, 64097.48, 64104.57, 64109.72, 64114.91, 64118.21, 64120.25, 64121.94, 64123.91, 64132.93, 64140.69, 64148.84, 64156.55, 64165.27, 64173.18, 64181.08, 64190.03, 64198.84, 64206.44, 64212.23, 64218.34, 64225.62, 64235.60, 64245.01, 64251.54, 64258.81, 64268.20, 64276.74, 64276.97, 64274.67, 64271.64, 64270.47, 64268.44, 64269.65, 64263.08, 64255.85, 64249.32, 64245.20, 64241.15, 64241.14, 64233.18, 64225.10, 64217.69, 64212.01, 64208.57, 64201.36, 64193.58, 64185.77, 64178.85, 64170.21, 64157.78, 64144.95, 64133.47, 64121.87, 64111.14, 64100.60, 64090.40, 64079.76, 64070.02, 64060.63, 64050.93, 64041.77, 64032.01, 64021.88, 64013.16, 64004.17, 63993.18, 63987.57, 63982.86, 63979.36, 63981.56, 63984.82, 63990.27, 63992.21, 63994.26, 63997.82, 64006.35, 64012.68, 64019.77, 64022.87, 64025.59, 64030.46, 64075.47, 64118.80, 64170.70, 64220.70, 64276.37, 64352.50, 64433.28, 64515.44, 64600.12, 64698.73, 64814.25, 64932.74, 65055.02, 65174.17, 65305.15, 65435.56, 65553.50, 65668.69, 65781.23, 65897.02, 66008.24, 66116.90, 66215.31, 66325.71, 66433.48, 66542.06, 66653.42, 66755.71, 66860.70, 66975.95, 67096.59, 67212.62, 67329.84, 67460.76, 67582.61, 67697.39, 67814.84, 67925.40, 68031.01, 68141.04, 68248.35, 68350.23, 68446.36, 68546.15, 68650.41, 68751.70, 68854.49, 68960.20, 69073.05, 69180.89, 69291.02, 69395.69, 69497.83, 69598.39, 69685.28, 69763.83, 69844.25, 69920.50, 69997.17, 70072.67, 70150.21, 70230.13, 70309.73, 70387.69, 70464.61, 70541.24, 70623.65, 70705.57, 70774.98, 70844.45, 70917.60, 70991.21, 71066.73, 71144.65, 71218.65, 71292.88, 71365.91, 71432.91, 71497.44, 71555.30, 71613.85, 71673.05, 71730.77, 71781.49, 71836.29, 71891.07, 71945.29, 72002.63, 72058.95, 72117.55, 72209.40, 72304.38, 72393.60, 72477.74, 72559.13, 72645.35, 72712.85, 72783.31, 72851.74, 72918.71, 72986.28, 73052.18, 73119.38, 73185.40, 73251.53, 73318.96, 73383.50, 73448.53, 73510.90, 73573.77, 73641.12, 73700.38, 73757.07, 73813.42, 73863.25, 73918.00, 73969.69, 74018.81, 74063.22, 74106.67, 74154.40, 74197.10, 74239.48, 74283.25, 74332.94, 74382.61, 74424.54, 74462.45, 74500.70, 74538.79, 74574.34, 74606.84, 74633.14, 74658.29, 74677.30, 74699.34, 74724.53, 74747.53, 74777.22, 74802.19, 74826.30, 74850.60, 74874.67, 74899.36, 74924.05, 74945.85, 74969.06, 74991.18, 75012.44, 75030.15, 75051.09, 75073.31, 75090.91, 75115.84, 75143.46, 75169.66, 75203.57, 75241.17, 75270.50, 75294.45, 75310.72, 75326.93, 75338.73, 75347.16, 75350.12, 75354.83, 75358.93, 75360.98)
f_stopLong() => array.from<float>(77856.65, 77851.66, 77878.28, 77875.56, 77882.21, 77912.10, 77831.11, 77860.58, 77902.61, 77947.92, 77833.91, 77829.24, 77851.89, 77892.05, 77933.00, 76928.57, 76956.49, 76964.81, 76963.04, 77048.89, 76971.89, 76970.39, 76987.88, 76987.76, 76915.22, 76912.02, 76939.62, 76929.25, 75270.37, 75277.33, 75268.02, 75276.94, 75303.81, 75328.20, 75417.81, 75437.40, 75419.25, 75421.40, 75434.50, 75438.93, 75442.27, 75417.24, 75420.44, 75394.36, 75428.03, 75444.19, 76025.33, 76049.87, 76025.20, 75973.01, 75974.28, 75995.75, 75950.23, 75964.46, 75942.23, 75952.00, 73473.36, 73504.33, 73530.83, 73527.26, 73500.97, 73526.70, 73501.34, 73516.88, 73524.98, 73549.62, 75376.66, 75395.78, 75412.36, 75399.94, 75417.95, 75393.32, 75315.27, 75305.42, 75326.88, 75347.22, 75353.77, 75381.88, 75332.62, 75334.82, 75306.35, 75254.31, 75259.34, 75289.75, 75276.92, 75264.26, 75273.97, 75285.03, 71766.56, 71784.80, 71721.26, 71688.03, 71714.51, 71748.83, 71702.79, 71747.72, 71766.23, 71795.79, 71827.50, 71846.64, 71866.68, 71889.61, 71895.46, 71915.68, 71908.45, 71889.45, 71852.71, 71842.29, 71779.90, 71752.66, 71746.28, 71708.30, 71671.82, 71671.34, 71554.84, 71500.79, 71449.47, 71398.41, 71357.85, 71381.73, 71379.03, 64293.69, 64248.34, 64107.00, 64110.42, 64083.01, 64028.76, 59998.73, 60039.65, 60018.57, 59933.07, 59944.19, 59871.44, 59806.85, 59772.33, 59815.27, 59800.37, 57567.80, 57623.08, 57689.55, 57751.72, 57776.50, 57806.54, 57851.09, 57866.30, 57874.63, 57748.83, 57765.97, 57796.18, 59881.67, 59868.86, 59907.16, 59936.13, 59970.91, 60001.99, 60035.69, 59984.99, 59976.11, 60011.24, 60042.19, 60071.37, 59676.77, 59620.00, 59627.35, 59649.32, 59609.59, 59659.07, 59698.93, 59721.55, 59682.15, 59728.07, 59765.10, 59761.94, 61364.94, 61338.79, 61367.95, 61416.79, 61453.20, 61488.59, 61531.55, 61559.25, 61586.04, 61602.16, 61631.91, 61658.10, 61682.89, 61680.82, 61690.62, 61594.29, 61602.34, 61627.82, 62947.73, 62915.22, 62902.33, 62914.59, 62911.09, 62910.86, 62919.51, 62869.67, 62878.27, 62910.74, 62914.00, 64593.78, 64576.50, 64542.16, 64425.82, 64448.80, 64475.51, 64480.59, 64488.57, 64397.21, 64413.46, 64443.12, 64457.01, 64485.30, 61425.74, 61410.03, 61434.41, 61443.71, 61514.61, 61535.81, 61562.55, 61530.41, 61555.34, 61574.22, 61608.18, 62496.90, 62504.30, 62524.02, 62545.07, 62519.21, 62458.74, 62472.77, 62471.84, 62533.96, 62544.67, 62535.42, 62556.00, 62497.96, 62481.17, 62473.52, 62477.46, 62504.09, 61179.82, 61194.84, 61182.20, 61041.65, 60993.15, 60959.07, 60994.83, 60978.60, 58150.83, 57958.37, 57973.89, 57986.39, 57937.96, 56957.89, 56944.81, 56885.55, 56900.01, 56947.77, 56992.88, 57038.70, 57090.59, 57114.89, 57131.39, 57156.86, 57200.02, 57229.22, 57258.42, 57273.91, 57285.87, 57273.59, 57238.48, 57232.93, 57255.47, 57190.47, 57962.98, 58001.91, 58017.74, 58055.55, 58085.30, 58066.66, 58083.52, 58115.77, 58063.37, 58057.22, 58075.14, 57976.16, 56901.93, 56861.95, 56819.41, 56821.32, 56798.03, 56794.42, 56805.30, 56854.12, 56887.10, 56914.31, 56935.22, 56947.00, 56978.95, 56980.90, 57000.73, 57027.71, 57064.41, 57074.58, 57078.12, 57092.56, 57103.96, 57125.10, 57125.65, 57147.10, 57172.45, 57118.04, 61747.17, 61759.78, 61753.83, 61642.37, 61656.95, 61633.31, 61607.54, 60490.89, 60514.70, 60468.88, 60467.02, 60478.17, 60449.03, 60479.99, 60453.50, 60449.71, 60460.76, 60493.01, 60484.23, 60685.94, 60712.59, 60715.19, 60707.26, 60741.56, 60718.62, 60749.19, 60768.01, 60759.23, 60780.52, 60794.62, 60824.91, 60862.19, 60898.78, 63012.93, 63036.15, 63034.36, 63041.51, 63042.18, 63062.01, 63080.76, 63103.90, 63086.31, 63005.63, 63010.34, 63023.91, 63004.47, 62992.47, 63005.60, 63022.79, 63041.58, 61238.30, 61124.09, 61126.65, 61127.96, 61136.53, 61129.11, 61152.48, 61129.52, 61126.94, 61150.84, 61166.60, 61148.52, 61161.70, 61133.52, 61130.92, 61142.83, 61142.46, 61129.35, 61129.34, 61109.00, 61083.28, 61112.53, 61152.99, 61906.46, 61936.58, 61957.26, 61957.42, 61974.84, 61990.26, 62014.73, 62030.79, 62040.00, 62041.82, 62037.80, 62024.07, 61981.88, 61881.00, 61814.39, 61811.91, 61836.36, 62412.45, 62406.28, 62435.01, 62432.48, 62429.35, 62450.68, 62456.78, 62451.09, 62474.50, 62472.66, 62468.03, 62488.43, 62480.11, 64944.48, 64961.39, 64942.17, 64963.62, 64977.13, 64968.16, 64969.94, 64061.46, 64003.91, 64020.71, 64053.79, 64084.05, 63197.01, 63214.13, 63235.32, 63246.19, 63269.51, 63356.78, 63367.29, 63383.14, 63384.13, 63395.15, 63357.25, 63351.96, 63347.01, 63355.79, 63295.38, 63291.27, 63224.71, 63211.66, 63222.43, 63243.05, 63191.82, 63193.40, 63200.92, 63205.72, 62111.49, 62123.63, 62108.35, 62072.37, 62058.51, 62049.66, 62079.57, 62062.30, 62595.09, 62621.68, 62637.98, 62594.54, 62598.41, 62617.48, 62565.10, 62572.90, 62607.04, 62638.59, 61871.44, 61902.22, 61933.91, 61918.16, 61929.89, 61915.08, 61938.81, 61746.35, 61768.28, 61765.47, 61769.56, 61747.81, 61753.34, 61750.38, 61677.32, 61690.30, 61686.95, 61707.52, 61697.20, 61704.67, 61702.72, 61708.15, 61711.32, 61713.80, 61717.81, 61740.82, 61719.05, 61721.39, 61730.86, 61751.15, 63334.66, 63338.22, 63318.69, 63325.28, 63340.88, 63357.00, 63665.09, 63636.36, 63631.55, 63631.06, 63645.41, 63661.89, 63689.34, 63716.14, 63729.09, 63750.83, 63768.72, 63777.68, 63798.98, 63810.34, 63808.23, 64391.70, 64370.73, 64356.09, 64350.29, 64351.00, 64304.18, 64295.47, 64305.48, 64315.78, 64323.40, 63403.26, 63356.02, 63358.04, 63373.44, 63377.64, 63387.88, 62815.10, 62760.74, 62775.71, 62787.93, 62795.98, 62797.67, 62861.10, 62851.83, 62829.82, 62844.71, 62855.41, 62848.44, 62352.09, 62344.68, 62347.58, 62361.04, 62378.63, 62132.72, 62149.63, 62164.78, 62185.31, 62203.30, 62217.04, 62231.29, 62245.05, 62255.16, 62254.51, 62244.28, 62210.14, 62212.79, 62201.06, 62349.76, 62330.87, 62336.09, 62326.03, 62328.46, 62333.68, 62287.35, 62300.15, 62314.30, 62310.26, 63633.67, 63641.54, 63310.19, 63277.74, 63354.47, 63341.56, 63339.30, 63204.24, 63151.65, 63169.81, 63176.54, 63050.02, 62957.86, 62811.00, 62791.48, 62812.63, 62773.79, 62791.46, 62724.07, 62761.95, 62825.95, 62879.41, 75255.63, 75304.30, 75283.21, 75266.70, 75285.95, 75346.17, 74413.34, 74432.91, 74432.38, 74386.04, 74315.44, 74302.65, 75480.82, 75383.12, 75364.00, 75360.07, 75353.19, 75387.58, 75397.11, 75420.92, 75469.57, 75492.84, 76680.69, 76707.69, 76719.78, 76766.12, 76589.77, 76559.11, 76501.51, 76503.80, 76545.17, 76497.43, 76547.02, 76564.63, 76531.91, 76502.24, 76540.76, 76586.12, 76637.03, 75944.53, 75965.96, 75998.13, 76044.83, 76081.06, 76115.79, 76150.98, 76146.43, 76150.97, 76065.65, 76067.68, 76064.58, 76064.83, 76156.85, 76163.07, 76168.07, 76176.77, 76184.10, 76178.14, 76171.56, 76119.59, 76131.21, 76116.58, 76146.01, 75535.44, 75535.88, 75553.93, 75579.18, 75416.66, 75399.84, 75419.56, 75231.72, 75221.42, 75196.25, 75218.35, 75241.99, 75249.26, 75129.60, 75174.99, 75227.77, 75283.98, 77727.02, 77781.66, 77825.11, 77849.95, 77889.67, 77924.84, 77939.42, 77971.80, 77965.45, 77987.55, 77970.37, 77957.10, 78514.24, 78546.44, 78526.66, 78533.43, 78539.55, 78534.81, 77978.16, 77976.66, 77934.69, 77937.43, 77972.14, 77988.92, 76923.87, 76899.68, 76835.51, 76835.22, 76850.56, 76862.80, 76869.90, 76884.82, 76845.68, 76848.20, 76840.23, 76863.74, 76879.03, 76878.17, 75500.61, 75484.78, 75516.38, 75571.87, 75204.24, 75255.03, 75293.68, 75322.15, 75360.68, 75396.89, 75424.20, 75419.94, 75415.09, 75439.64, 75423.92, 75816.02, 75828.02, 75820.29, 75780.96, 75656.84, 75604.21, 75617.93, 75611.91, 75630.27, 75574.58, 75463.05, 75450.22, 75470.58, 75506.17, 74118.70)
f_swingLow() => array.from<float>(78754.65, 78754.65, 78754.65, 78754.65, 78754.65, 78754.65, 78754.65, 78754.65, 78754.65, 78754.65, 78659.00, 78659.00, 78659.00, 78659.00, 78659.00, 77640.00, 77640.00, 77640.00, 77640.00, 77721.19, 77721.19, 77721.19, 77721.19, 77721.19, 77721.19, 77721.19, 77721.19, 77721.19, 76051.00, 76051.00, 76051.00, 76051.00, 76051.00, 76051.00, 76144.71, 76144.71, 76144.71, 76144.71, 76144.71, 76144.71, 76144.71, 76144.71, 76144.71, 76144.71, 76144.71, 76144.71, 76719.47, 76719.47, 76719.47, 76719.47, 76719.47, 76719.47, 76719.47, 76719.47, 76719.47, 76719.47, 74289.60, 74289.60, 74289.60, 74289.60, 74289.60, 74289.60, 74289.60, 74289.60, 74289.60, 74289.60, 76108.00, 76108.00, 76108.00, 76108.00, 76108.00, 76108.00, 76108.00, 76108.00, 76108.00, 76108.00, 76108.00, 76108.00, 76108.00, 76108.00, 76108.00, 76108.00, 76108.00, 76108.00, 76108.00, 76108.00, 76108.00, 76108.00, 72582.82, 72582.82, 72582.82, 72582.82, 72582.82, 72582.82, 72512.49, 72512.49, 72512.49, 72512.49, 72512.49, 72512.49, 72512.49, 72512.49, 72512.49, 72512.49, 72512.49, 72512.49, 72512.49, 72512.49, 72512.49, 72512.49, 72512.49, 72512.49, 72512.49, 72512.49, 72512.49, 72512.49, 72512.49, 72512.49, 72512.49, 72512.49, 72512.49, 65426.34, 65426.34, 65426.34, 65426.34, 65426.34, 65426.34, 61383.56, 61383.56, 61383.56, 61383.56, 61383.56, 61383.56, 61383.56, 61383.56, 61383.56, 61383.56, 59130.91, 59130.91, 59130.91, 59130.91, 59130.91, 59130.91, 59130.91, 59130.91, 59130.91, 59130.91, 59130.91, 59130.91, 61184.00, 61184.00, 61184.00, 61184.00, 61184.00, 61184.00, 61184.00, 61184.00, 61184.00, 61184.00, 61184.00, 61184.00, 60780.00, 60780.00, 60780.00, 60780.00, 60755.00, 60755.00, 60755.00, 60755.00, 60755.00, 60755.00, 60755.00, 60755.00, 62348.00, 62348.00, 62348.00, 62348.00, 62348.00, 62348.00, 62348.00, 62348.00, 62348.00, 62348.00, 62348.00, 62348.00, 62348.00, 62348.00, 62348.00, 62348.00, 62348.00, 62348.00, 63678.83, 63678.83, 63678.83, 63678.83, 63678.83, 63678.83, 63678.83, 63678.83, 63678.83, 63678.83, 63678.83, 65360.92, 65360.92, 65360.92, 65360.92, 65360.92, 65360.92, 65360.92, 65360.92, 65360.92, 65360.92, 65360.92, 65360.92, 65360.92, 62272.07, 62272.07, 62272.07, 62272.07, 62316.44, 62316.44, 62316.44, 62316.44, 62316.44, 62316.44, 62316.44, 63184.21, 63184.21, 63184.21, 63184.21, 63184.21, 63184.21, 63184.21, 63184.21, 63270.00, 63270.00, 63270.00, 63270.00, 63270.00, 63270.00, 63270.00, 63270.00, 63270.00, 61938.00, 61938.00, 61938.00, 61938.00, 61938.00, 61938.00, 61938.00, 61938.00, 59102.70, 59102.70, 59102.70, 59102.70, 59102.70, 58115.01, 58115.01, 58115.01, 58115.01, 58115.01, 58115.01, 58115.01, 58115.01, 58115.01, 58115.01, 58115.01, 58115.01, 58115.01, 58115.01, 58115.01, 58115.01, 58115.01, 58115.01, 58115.01, 58115.01, 58115.01, 58900.01, 58900.01, 58900.01, 58900.01, 58900.01, 58900.01, 58900.01, 58900.01, 58900.01, 58900.01, 58900.01, 58900.01, 57800.19, 57800.19, 57800.19, 57800.19, 57800.19, 57800.19, 57800.19, 57800.19, 57800.19, 57800.19, 57800.19, 57800.19, 57800.19, 57800.19, 57800.19, 57800.19, 57800.19, 57800.19, 57800.19, 57800.19, 57800.19, 57800.19, 57800.19, 57800.19, 57800.19, 57800.19, 62436.59, 62436.59, 62436.59, 62436.59, 62436.59, 62436.59, 62436.59, 61306.84, 61306.84, 61306.84, 61306.84, 61306.84, 61306.84, 61306.84, 61306.84, 61306.84, 61306.84, 61306.84, 61306.84, 61544.56, 61544.56, 61544.56, 61544.56, 61544.56, 61544.56, 61544.56, 61544.56, 61544.56, 61544.56, 61544.56, 61544.56, 61544.56, 61544.56, 63656.00, 63656.00, 63656.00, 63656.00, 63656.00, 63656.00, 63656.00, 63656.00, 63640.83, 63640.83, 63640.83, 63640.83, 63640.83, 63640.83, 63640.83, 63640.83, 63640.83, 61824.97, 61824.97, 61824.97, 61824.97, 61824.97, 61824.97, 61824.97, 61824.97, 61824.97, 61824.97, 61824.97, 61824.97, 61824.97, 61824.97, 61824.97, 61824.97, 61824.97, 61824.97, 61824.97, 61824.97, 61824.97, 61824.97, 61824.97, 62537.56, 62537.56, 62537.56, 62537.56, 62537.56, 62537.56, 62537.56, 62537.56, 62537.56, 62537.56, 62537.56, 62537.56, 62537.56, 62537.56, 62537.56, 62537.56, 62537.56, 63100.00, 63100.00, 63100.00, 63100.00, 63100.00, 63100.00, 63100.00, 63100.00, 63100.00, 63100.00, 63100.00, 63100.00, 63100.00, 65553.67, 65553.67, 65553.67, 65553.67, 65553.67, 65553.67, 65553.67, 64650.00, 64650.00, 64650.00, 64650.00, 64650.00, 63739.75, 63739.75, 63739.75, 63739.75, 63739.75, 63810.00, 63810.00, 63810.00, 63810.00, 63810.00, 63810.00, 63810.00, 63810.00, 63810.00, 63810.00, 63810.00, 63810.00, 63810.00, 63810.00, 63810.00, 63810.00, 63810.00, 63810.00, 63810.00, 62742.47, 62742.47, 62742.47, 62742.47, 62742.47, 62742.47, 62742.47, 62742.47, 63267.34, 63267.34, 63267.34, 63267.34, 63267.34, 63267.34, 63267.34, 63267.34, 63267.34, 63267.34, 62466.00, 62466.00, 62466.00, 62466.00, 62466.00, 62466.00, 62466.00, 62275.00, 62275.00, 62275.00, 62275.00, 62275.00, 62275.00, 62275.00, 62275.00, 62275.00, 62275.00, 62300.00, 62300.00, 62300.00, 62300.00, 62300.00, 62300.00, 62300.00, 62300.00, 62300.00, 62300.00, 62300.00, 62300.00, 62300.00, 63880.00, 63880.00, 63880.00, 63880.00, 63880.00, 63880.00, 64172.00, 64172.00, 64172.00, 64172.00, 64166.00, 64166.00, 64166.00, 64166.00, 64166.00, 64166.00, 64166.00, 64166.00, 64166.00, 64166.00, 64166.00, 64730.08, 64730.08, 64730.08, 64730.08, 64730.08, 64730.08, 64730.08, 64730.08, 64730.08, 64730.08, 63806.27, 63806.27, 63806.27, 63806.27, 63806.27, 63806.27, 63238.00, 63238.00, 63238.00, 63238.00, 63238.00, 63238.00, 63310.34, 63310.34, 63310.34, 63310.34, 63310.34, 63310.34, 62802.27, 62802.27, 62802.27, 62802.27, 62802.27, 62535.24, 62535.24, 62535.24, 62535.24, 62535.24, 62535.24, 62535.24, 62535.24, 62535.24, 62535.24, 62535.24, 62535.24, 62535.24, 62535.24, 62716.00, 62716.00, 62716.00, 62716.00, 62716.00, 62716.00, 62716.00, 62716.00, 62716.00, 62716.00, 64027.85, 64027.85, 64027.85, 64027.85, 64166.00, 64166.00, 64166.00, 64166.00, 64166.00, 64166.00, 64166.00, 64166.00, 64166.00, 64166.00, 64166.00, 64166.00, 64166.00, 64166.00, 64166.00, 64166.00, 64166.00, 64166.00, 76500.00, 76500.00, 76500.00, 76500.00, 76500.00, 76500.00, 75545.67, 75545.67, 75545.67, 75545.67, 75545.67, 75545.67, 76670.01, 76670.01, 76670.01, 76670.01, 76670.01, 76670.01, 76670.01, 76670.01, 76670.01, 76670.01, 77851.00, 77851.00, 77851.00, 77851.00, 77632.58, 77632.58, 77632.58, 77632.58, 77632.58, 77632.58, 77632.58, 77632.58, 77632.58, 77632.58, 77632.58, 77632.58, 77632.58, 76888.00, 76888.00, 76888.00, 76888.00, 76888.00, 76888.00, 76888.00, 76888.00, 76888.00, 76888.00, 76888.00, 76888.00, 76888.00, 77000.00, 77000.00, 77000.00, 77000.00, 77000.00, 77000.00, 77000.00, 77000.00, 77000.00, 77000.00, 77000.00, 76420.00, 76420.00, 76420.00, 76420.00, 76264.00, 76264.00, 76264.00, 76264.00, 76264.00, 76264.00, 76264.00, 76264.00, 76264.00, 76264.00, 76264.00, 76264.00, 76264.00, 78660.00, 78660.00, 78660.00, 78660.00, 78660.00, 78660.00, 78660.00, 78660.00, 78660.00, 78660.00, 78660.00, 78660.00, 79233.00, 79233.00, 79233.00, 79233.00, 79233.00, 79233.00, 78680.00, 78680.00, 78680.00, 78680.00, 78680.00, 78680.00, 77620.01, 77620.01, 77620.01, 77620.01, 77620.01, 77620.01, 77620.01, 77620.01, 77620.01, 77620.01, 77620.01, 77620.01, 77620.01, 77620.01, 76464.00, 76464.00, 76464.00, 76464.00, 76046.58, 76046.58, 76046.58, 76046.58, 76046.58, 76046.58, 76046.58, 76046.58, 76046.58, 76046.58, 76046.58, 76500.00, 76500.00, 76500.00, 76500.00, 76388.72, 76388.72, 76388.72, 76388.72, 76388.72, 76388.72, 76388.72, 76388.72, 76388.72, 76388.72, 74967.97)
f_swingHigh() => array.from<float>(81324.64, 81324.64, 81324.64, 81324.64, 81324.64, 82048.13, 82048.13, 82048.13, 82048.13, 82048.13, 82048.13, 82048.13, 82048.13, 82048.13, 82048.13, 82048.13, 82048.13, 82048.13, 82048.13, 82048.13, 82048.13, 78599.99, 78599.99, 78599.99, 78599.99, 78599.99, 78599.99, 78599.99, 77800.00, 77800.00, 77800.00, 77800.00, 77800.00, 77800.00, 77800.00, 77800.00, 77800.00, 77800.00, 77800.00, 77800.00, 77800.00, 77800.00, 77800.00, 77800.00, 77800.00, 78200.00, 78200.00, 78200.00, 78200.00, 78200.00, 78200.00, 78200.00, 78200.00, 78200.00, 78200.00, 78200.00, 78200.00, 78200.00, 78200.00, 78200.00, 78200.00, 78200.00, 78200.00, 77543.15, 77543.15, 77543.15, 77543.15, 77543.15, 77543.15, 77543.15, 77905.52, 77905.52, 77905.52, 77905.52, 77905.52, 77905.52, 78080.00, 78080.00, 78080.00, 78080.00, 78080.00, 78080.00, 76174.15, 76174.15, 76174.15, 76174.15, 76174.15, 76174.15, 76174.15, 76174.15, 73949.22, 73949.22, 73949.22, 73949.22, 73949.22, 74514.10, 74514.10, 74514.10, 74514.10, 74514.10, 74514.10, 74514.10, 74514.10, 74275.66, 74275.66, 74275.66, 74275.66, 74275.66, 74198.00, 74198.00, 74198.00, 74198.00, 74198.00, 74198.00, 74198.00, 74198.00, 74198.00, 74198.00, 74198.00, 74198.00, 74198.00, 74198.00, 74198.00, 74198.00, 74198.00, 74198.00, 74198.00, 74198.00, 74198.00, 74198.00, 74198.00, 74198.00, 74198.00, 74198.00, 74198.00, 74198.00, 74198.00, 74198.00, 74198.00, 74198.00, 74198.00, 74198.00, 74198.00, 74198.00, 74198.00, 74198.00, 74198.00, 74198.00, 74198.00, 74198.00, 64234.68, 64234.68, 64234.68, 64234.68, 64200.00, 64200.00, 64200.00, 64200.00, 64200.00, 64200.00, 64200.00, 64200.00, 64200.00, 64200.00, 64200.00, 64200.00, 62857.99, 62857.99, 62857.99, 62857.99, 62857.99, 62857.99, 62857.99, 63933.02, 63933.02, 63933.02, 63933.02, 63933.02, 64394.44, 64394.44, 64394.44, 64394.44, 64394.44, 64394.44, 64394.44, 64394.44, 64762.77, 64762.77, 64762.77, 64762.77, 64762.77, 64762.77, 64762.77, 64762.77, 64762.77, 64762.77, 64762.77, 64762.77, 64762.77, 64762.77, 64762.77, 66992.00, 66992.00, 66992.00, 66992.00, 66992.00, 66992.00, 66992.00, 66992.00, 66445.93, 66445.93, 66445.93, 66445.93, 66445.93, 66445.93, 66445.93, 66445.93, 66445.93, 66445.93, 66445.93, 66445.93, 66445.93, 66445.93, 66445.93, 66445.93, 66445.93, 66445.93, 66445.93, 66445.93, 66445.93, 64588.00, 64588.00, 64588.00, 64588.00, 64588.00, 64588.00, 64588.00, 64588.00, 65622.83, 65622.83, 65622.83, 65622.83, 65622.83, 65622.83, 65622.83, 65622.83, 65622.83, 65622.83, 65622.83, 63239.06, 63239.06, 63239.06, 63239.06, 63239.06, 61962.40, 61962.40, 61962.40, 61962.40, 61962.40, 61962.40, 60759.99, 60759.99, 60759.99, 60759.99, 60759.99, 60759.99, 60759.99, 60759.99, 60941.17, 60941.17, 60941.17, 60941.17, 60941.17, 60545.01, 60545.01, 60545.01, 60545.01, 60545.01, 60545.01, 60545.01, 60780.57, 60780.57, 60780.57, 60780.57, 60780.57, 60780.57, 60780.57, 60780.57, 60780.57, 60780.57, 60780.57, 60780.57, 60780.57, 60780.57, 60780.57, 60780.57, 60780.57, 60780.57, 62200.00, 62200.00, 62200.00, 62200.00, 62200.00, 62200.00, 62200.00, 62200.00, 62979.86, 62979.86, 62979.86, 62979.86, 62979.86, 63461.99, 63461.99, 63461.99, 63461.99, 63461.99, 63461.99, 63461.99, 63999.00, 63999.00, 63999.00, 63999.00, 63999.00, 63999.00, 64700.00, 64700.00, 64700.00, 64700.00, 64700.00, 64243.75, 64243.75, 64243.75, 64243.75, 64243.75, 64243.75, 64243.75, 64243.75, 64243.75, 64243.75, 64243.75, 64243.75, 64243.75, 64243.75, 64243.75, 64243.75, 64243.75, 64692.83, 64692.83, 64692.83, 64692.83, 64692.83, 64692.83, 64504.11, 64504.11, 64504.11, 64504.11, 64504.11, 64504.11, 64504.11, 64504.11, 64504.11, 64425.00, 64425.00, 64425.00, 64425.00, 64425.00, 64425.00, 64425.00, 64425.00, 64425.00, 64425.00, 64425.00, 64425.00, 64425.00, 64425.00, 64425.00, 65600.00, 65600.00, 65600.00, 65600.00, 65600.00, 65600.00, 65600.00, 65600.00, 65600.00, 65600.00, 65600.00, 65600.00, 65600.00, 64387.99, 64387.99, 64387.99, 64387.99, 64387.99, 64387.99, 64387.99, 64387.99, 64967.25, 64967.25, 64967.25, 64967.25, 64967.25, 64967.25, 64967.25, 64967.25, 64967.25, 64967.25, 64967.25, 64967.25, 64967.25, 64967.25, 64967.25, 66956.15, 66956.15, 66956.15, 66956.15, 66956.15, 66956.15, 66956.15, 66956.15, 66956.15, 66956.15, 66956.15, 66956.15, 66956.15, 66956.15, 66956.15, 66956.15, 65808.59, 65808.59, 65808.59, 65808.59, 65808.59, 65808.59, 65808.59, 65808.59, 65808.59, 65808.59, 65808.59, 65808.59, 65808.59, 65808.59, 65808.59, 65808.59, 65808.59, 65808.59, 65744.60, 65744.60, 65744.60, 65744.60, 65744.60, 65744.60, 65744.60, 65744.60, 65744.60, 65744.60, 65744.60, 65744.60, 65744.60, 64744.81, 64744.81, 64744.81, 64744.81, 64744.81, 64744.81, 64744.81, 64744.81, 64744.81, 64744.81, 65409.56, 65409.56, 65409.56, 65409.56, 65409.56, 65409.56, 65409.56, 65409.56, 63150.00, 63150.00, 63150.00, 63150.00, 63150.00, 63634.00, 63634.00, 63634.00, 63634.00, 63796.33, 63796.33, 63796.33, 63796.33, 63796.33, 63796.33, 63796.33, 63796.33, 63796.33, 63796.33, 63796.33, 63796.33, 64549.16, 64549.16, 64549.16, 64549.16, 64549.16, 64549.16, 65025.22, 65025.22, 65025.22, 65025.22, 65025.22, 65025.22, 65025.22, 65025.22, 65025.22, 65025.22, 65390.99, 65390.99, 65390.99, 65390.99, 65390.99, 65390.99, 65192.54, 65192.54, 65192.54, 65192.54, 65192.54, 65192.54, 65192.54, 65192.54, 65474.46, 65474.46, 65474.46, 65474.46, 65474.46, 65474.46, 65474.46, 65474.46, 65474.46, 65474.46, 64515.43, 64515.43, 64515.43, 64515.43, 64515.43, 64515.43, 64500.00, 64500.00, 64500.00, 64500.00, 64010.00, 64010.00, 64010.00, 64010.00, 64010.00, 64010.00, 64010.00, 64010.00, 64010.00, 64010.00, 64010.00, 64010.00, 64010.00, 64010.00, 64010.00, 64010.00, 63175.00, 63175.00, 63175.00, 63175.00, 63175.00, 63175.00, 63175.00, 63175.00, 63175.00, 63175.00, 63175.00, 64610.01, 64610.01, 64610.01, 64610.01, 64610.01, 65058.81, 65058.81, 65058.81, 65058.81, 65058.81, 65058.81, 65058.81, 65058.81, 65058.81, 65058.81, 65058.81, 65058.81, 65058.81, 65058.81, 65058.81, 65058.81, 65058.81, 79500.00, 79500.00, 79500.00, 79500.00, 78828.15, 78828.15, 78828.15, 78828.15, 78828.15, 78828.15, 78828.15, 78828.15, 78828.15, 78828.15, 78828.15, 78828.15, 78828.15, 78828.15, 78828.15, 78828.15, 78828.15, 78828.15, 81272.62, 81272.62, 81272.62, 81272.62, 81272.62, 81272.62, 81272.62, 81272.62, 81272.62, 81272.62, 81272.62, 81272.62, 81272.62, 81272.62, 81272.62, 81272.62, 81272.62, 81272.62, 81478.87, 81478.87, 81478.87, 81478.87, 81478.87, 81478.87, 81478.87, 81478.87, 81478.87, 81478.87, 81478.87, 81478.87, 81478.87, 81478.87, 81478.87, 81478.87, 79400.00, 79400.00, 79400.00, 79400.00, 79400.00, 79400.00, 79250.00, 79250.00, 79250.00, 79250.00, 79250.00, 79250.00, 79250.00, 79250.00, 79250.00, 79250.00, 79250.00, 79250.00, 79250.00, 79250.00, 79250.00, 79250.00, 79250.00, 79250.00, 79250.00, 82300.00, 82300.00, 82300.00, 82300.00, 82300.00, 82300.00, 82300.00, 82300.00, 82300.00, 82300.00, 82300.00, 80200.00, 80200.00, 80200.00, 80200.00, 80200.00, 80200.00, 80200.00, 80559.99, 80559.99, 80559.99, 80559.99, 80559.99, 80559.99, 80559.99, 80559.99, 80559.99, 80559.99, 80559.99, 80559.99, 80559.99, 80559.99, 80559.99, 79760.00, 79760.00, 79760.00, 79760.00, 79760.00, 79760.00, 79760.00, 79760.00, 79760.00, 79760.00, 79760.00, 79760.00, 79760.00, 79890.00, 79890.00, 79890.00, 79890.00, 79890.00, 79890.00, 77505.67, 77505.67, 77505.67, 77505.67, 77505.67, 77505.67, 77505.67, 77505.67, 77505.67, 77505.67, 77505.67, 77505.67, 77505.67, 77505.67, 79600.00, 79600.00, 79600.00, 79600.00, 79600.00, 79600.00)
f_donHigh() => array.from<float>(82137.26, 82137.26, 82137.26, 82137.26, 82078.91, 82048.13, 82048.13, 82048.13, 82048.13, 82048.13, 82048.13, 82048.13, 82048.13, 82048.13, 82048.13, 82048.13, 82048.13, 82048.13, 82048.13, 82048.13, 82048.13, 82048.13, 81664.45, 81664.45, 81100.00, 80822.95, 80635.44, 79561.94, 79227.77, 79227.77, 79129.71, 78599.99, 78599.99, 78599.99, 78599.99, 78599.99, 78599.99, 78599.99, 78550.00, 78485.36, 78485.36, 78180.01, 78200.00, 78200.00, 78200.00, 78200.00, 78200.00, 78200.00, 78200.00, 78200.00, 78200.00, 78200.00, 78200.00, 78200.00, 78200.00, 78200.00, 78200.00, 78200.00, 78200.00, 78200.00, 78200.00, 78200.00, 78098.16, 78098.16, 77900.00, 77900.00, 77900.00, 77905.52, 77905.52, 77905.52, 77905.52, 77905.52, 77905.52, 78080.00, 78080.00, 78080.00, 78080.00, 78080.00, 78080.00, 78080.00, 78080.00, 78080.00, 78080.00, 78080.00, 78080.00, 78080.00, 78080.00, 78080.00, 78080.00, 78080.00, 78080.00, 78080.00, 78080.00, 76710.01, 76180.00, 76174.15, 76174.15, 76174.15, 76174.15, 75415.81, 75415.81, 74590.77, 74514.10, 74514.10, 74514.10, 74514.10, 74514.10, 74514.10, 74514.10, 74514.10, 74514.10, 74514.10, 74275.66, 74275.66, 74275.66, 74275.66, 74275.66, 74275.66, 74275.66, 74275.66, 74221.33, 74198.00, 74198.00, 74198.00, 74198.00, 74092.00, 73841.37, 73095.64, 72610.00, 71800.73, 71690.00, 71408.90, 71048.00, 70172.00, 69548.13, 68146.30, 67923.24, 67516.00, 67516.00, 67476.69, 67244.62, 66373.18, 65860.00, 64764.32, 64764.32, 64494.92, 64494.92, 64234.68, 64234.68, 64234.68, 64234.68, 64234.68, 64234.68, 64234.68, 64234.68, 64234.68, 64234.68, 64234.68, 64234.68, 64234.68, 64234.68, 64234.68, 64234.68, 64234.68, 64234.68, 64234.68, 64234.68, 64200.00, 64200.00, 64200.00, 64200.00, 64046.86, 63933.02, 63933.02, 63953.84, 64394.44, 64394.44, 64394.44, 64394.44, 64394.44, 64394.44, 64394.44, 64394.44, 64762.77, 64762.77, 64762.77, 64762.77, 64762.77, 64762.77, 65800.00, 65995.00, 66000.00, 66385.12, 67292.15, 67292.15, 67292.15, 67292.15, 67292.15, 67292.15, 67292.15, 67292.15, 67292.15, 67292.15, 67292.15, 67292.15, 67292.15, 67292.15, 67292.15, 67292.15, 67292.15, 67292.15, 67292.15, 67292.15, 67292.15, 66992.00, 66992.00, 66992.00, 66992.00, 66818.00, 66445.93, 66445.93, 66445.93, 66445.93, 66445.93, 66445.93, 66445.93, 64806.00, 64806.00, 64646.75, 64646.75, 64588.00, 64588.00, 64823.52, 64823.52, 64823.52, 65622.83, 65622.83, 65622.83, 65622.83, 65622.83, 65622.83, 65622.83, 65622.83, 65622.83, 65622.83, 65622.83, 65622.83, 65622.83, 65622.83, 65622.83, 65622.83, 65622.83, 65622.83, 65622.83, 65622.83, 64862.00, 64659.43, 64275.38, 64095.55, 63239.06, 63239.06, 63239.06, 63239.06, 63239.06, 63239.06, 63239.06, 62973.20, 61962.40, 61962.40, 61962.40, 61962.40, 61920.00, 61761.35, 60941.17, 60941.17, 60941.17, 60941.17, 60941.17, 60941.17, 60941.17, 60941.17, 60941.17, 60941.17, 60941.17, 60941.17, 60855.03, 60780.57, 60780.57, 60780.57, 60780.57, 60780.57, 61334.00, 61334.00, 61334.00, 61437.49, 62200.00, 62200.00, 62200.00, 62200.00, 62200.00, 62200.00, 62400.00, 62400.00, 62979.86, 62979.86, 62979.86, 62979.86, 63075.46, 63461.99, 63461.99, 63461.99, 63461.99, 63461.99, 63461.99, 63461.99, 63999.00, 63999.00, 63999.00, 63999.00, 63999.00, 63999.00, 64700.00, 64700.00, 64700.00, 64700.00, 64700.00, 64700.00, 64700.00, 64700.00, 64700.00, 64700.00, 64700.00, 64700.00, 64700.00, 64700.00, 64700.00, 64700.00, 64700.00, 64700.00, 64700.00, 64700.00, 64314.00, 64494.84, 64692.83, 64692.83, 64692.83, 64692.83, 64692.83, 64692.83, 64692.83, 64692.83, 64692.83, 64692.83, 64692.83, 64692.83, 64692.83, 64692.83, 64692.83, 64692.83, 64692.83, 64692.83, 64692.83, 64692.83, 64504.11, 64504.11, 64504.11, 64504.11, 64966.43, 64966.43, 65100.00, 65100.00, 65277.37, 65277.37, 65600.00, 65600.00, 65600.00, 65600.00, 65600.00, 65600.00, 65600.00, 65600.00, 65600.00, 65600.00, 65600.00, 65600.00, 65600.00, 65600.00, 65600.00, 65600.00, 65600.00, 65600.00, 65600.00, 65600.00, 65470.00, 65055.39, 64997.52, 64997.52, 64967.25, 64967.25, 64967.25, 65107.99, 65107.99, 65107.99, 65666.80, 65799.00, 65799.00, 65799.00, 66245.64, 66420.65, 66956.15, 66956.15, 66956.15, 66956.15, 66956.15, 66956.15, 66956.15, 66956.15, 66956.15, 66956.15, 66956.15, 66956.15, 66956.15, 66956.15, 66956.15, 66956.15, 66956.15, 66956.15, 66956.15, 66956.15, 66764.00, 66739.89, 66739.89, 66424.00, 66384.00, 66384.00, 66384.00, 66313.14, 66313.14, 65821.17, 65808.59, 65808.59, 65808.59, 65808.59, 65808.59, 65808.59, 65744.60, 65744.60, 65744.60, 65744.60, 65744.60, 65744.60, 65744.60, 65744.60, 65744.60, 65744.60, 65744.60, 65744.60, 65744.60, 65744.60, 65744.60, 65744.60, 65744.60, 65744.60, 65718.00, 65718.00, 65176.60, 65409.56, 65409.56, 65409.56, 65409.56, 65409.56, 65409.56, 65409.56, 65409.56, 65409.56, 65409.56, 65409.56, 65409.56, 65409.56, 65409.56, 65409.56, 65409.56, 65409.56, 65409.56, 65409.56, 65409.56, 64496.64, 64011.99, 64080.00, 64080.00, 64080.00, 64243.81, 64243.81, 64243.81, 64413.21, 64549.16, 64549.16, 64549.16, 64549.16, 64744.00, 64936.18, 65025.22, 65025.22, 65025.22, 65025.22, 65025.22, 65025.22, 65025.22, 65025.22, 65025.22, 65213.33, 65390.99, 65390.99, 65390.99, 65390.99, 65390.99, 65390.99, 65390.99, 65390.99, 65390.99, 65390.99, 65390.99, 65390.99, 65390.99, 65390.99, 65474.46, 65474.46, 65474.46, 65474.46, 65474.46, 65474.46, 65474.46, 65474.46, 65474.46, 65474.46, 65474.46, 65474.46, 65474.46, 65474.46, 65474.46, 65474.46, 65474.46, 65474.46, 65474.46, 65474.46, 65391.14, 65379.13, 65328.73, 65237.80, 64515.43, 64515.43, 64515.43, 64515.43, 64515.43, 64515.43, 64500.00, 64500.00, 64500.00, 64500.00, 64500.00, 64500.00, 64010.00, 64010.00, 64010.00, 64010.00, 63999.00, 63999.00, 63640.00, 63640.00, 63717.17, 63781.69, 64227.27, 64610.01, 64610.01, 64610.01, 64610.01, 64610.01, 65058.81, 65058.81, 65058.81, 65058.81, 65058.81, 65058.81, 69500.00, 69500.00, 70000.00, 70000.00, 70022.00, 72490.00, 72830.00, 72966.00, 73400.00, 75785.82, 76916.95, 79500.00, 79500.00, 79500.00, 79500.00, 79500.00, 79500.00, 79500.00, 79500.00, 79500.00, 79500.00, 79500.00, 79500.00, 79500.00, 79500.00, 79500.00, 79500.00, 79500.00, 79500.00, 79500.00, 80000.00, 80000.00, 80000.00, 81272.62, 81272.62, 81272.62, 81272.62, 81272.62, 81272.62, 81272.62, 81272.62, 81272.62, 81272.62, 81272.62, 81272.62, 81272.62, 81272.62, 81272.62, 81272.62, 81272.62, 81272.62, 81478.87, 81478.87, 81478.87, 81478.87, 81478.87, 81478.87, 81478.87, 81478.87, 81478.87, 81478.87, 81478.87, 81478.87, 81478.87, 81478.87, 81478.87, 81478.87, 81478.87, 81478.87, 81478.87, 81478.87, 79999.00, 79840.00, 79838.73, 79400.00, 79400.00, 79400.00, 79400.00, 79400.00, 79400.00, 79400.00, 79400.00, 79400.00, 79400.00, 79400.00, 79400.00, 79400.00, 79250.00, 79250.00, 79250.00, 81370.33, 81790.00, 82300.00, 82300.00, 82300.00, 82300.00, 82300.00, 82300.00, 82300.00, 82300.00, 82300.00, 82300.00, 82300.00, 82300.00, 82300.00, 82300.00, 82300.00, 82300.00, 82300.00, 82300.00, 82300.00, 82300.00, 81427.75, 81423.03, 81423.03, 81350.00, 80559.99, 80559.99, 80559.99, 80559.99, 80559.99, 80559.99, 80559.99, 80559.99, 80559.99, 80559.99, 80559.99, 80559.99, 80559.99, 80559.99, 80443.99, 79926.04, 79760.00, 79760.00, 79760.00, 79760.00, 79760.00, 79760.00, 79890.00, 79890.00, 79890.00, 79890.00, 79890.00, 79890.00, 79890.00, 79890.00, 79890.00, 79890.00, 79890.00, 79890.00, 79890.00, 79890.00, 79890.00, 79890.00, 79890.00, 79890.00, 79890.00, 79890.00, 79600.00, 79600.00, 79600.00, 79600.00, 79600.00, 79600.00, 79600.00, 79600.00, 79600.00)
f_donLow() => array.from<float>(78754.65, 78754.65, 78754.65, 78754.65, 78754.65, 78754.65, 78754.65, 78659.00, 78659.00, 78659.00, 78659.00, 78066.00, 77640.00, 77640.00, 77640.00, 77640.00, 77640.00, 77640.00, 77640.00, 77640.00, 77640.00, 76735.16, 76707.61, 76583.33, 76583.33, 76051.00, 76051.00, 76051.00, 76051.00, 76051.00, 76051.00, 76051.00, 76051.00, 76051.00, 76051.00, 76051.00, 76051.00, 76051.00, 76051.00, 76051.00, 76051.00, 76051.00, 76051.00, 76051.00, 76051.00, 76144.24, 76144.71, 76144.71, 76144.71, 76144.71, 75668.76, 75359.18, 75220.00, 74289.60, 74289.60, 74289.60, 74289.60, 74289.60, 74289.60, 74289.60, 74289.60, 74289.60, 74289.60, 74289.60, 74289.60, 74289.60, 74289.60, 74289.60, 74289.60, 74289.60, 74289.60, 74289.60, 74289.60, 74303.56, 74660.05, 75371.72, 75607.62, 75310.90, 75310.90, 74758.33, 74663.45, 74243.99, 73060.59, 72728.85, 72728.85, 72582.82, 72582.82, 72582.82, 72582.82, 72582.82, 72582.82, 72512.49, 72512.49, 72512.49, 72512.49, 72512.49, 72512.49, 72512.49, 72512.49, 72512.49, 72512.49, 72512.49, 72512.49, 72512.49, 72512.49, 72512.49, 72512.49, 72512.49, 72290.00, 71066.33, 70686.68, 70686.68, 70111.00, 69733.00, 69324.65, 67076.00, 66432.00, 66193.00, 65426.34, 65426.34, 65426.34, 65426.34, 65251.00, 64092.49, 61383.56, 61383.56, 61383.56, 61383.56, 61383.56, 61383.56, 61383.56, 61126.01, 61126.01, 60000.00, 59130.91, 59130.91, 59130.91, 59130.91, 59130.91, 59130.91, 59130.91, 59130.91, 59130.91, 59130.91, 59130.91, 59130.91, 59130.91, 59130.91, 59130.91, 59130.91, 59130.91, 59130.91, 59130.91, 59130.91, 59500.00, 59500.00, 59500.00, 60198.00, 60393.96, 60393.96, 60429.09, 60746.00, 60755.00, 60755.00, 60755.00, 60755.00, 60755.00, 60755.00, 60755.00, 60755.00, 60755.00, 60755.00, 60755.00, 60755.00, 60755.00, 60755.00, 60755.00, 60755.00, 60755.00, 60755.00, 60755.00, 60755.00, 60960.00, 61104.24, 61104.24, 61510.99, 62348.00, 62348.00, 62348.00, 62348.00, 62829.81, 62829.81, 62829.81, 63045.29, 63045.29, 63400.00, 63400.00, 63418.66, 63484.00, 63678.83, 63678.83, 63678.83, 63678.83, 63678.83, 63678.83, 63678.83, 63678.83, 63678.83, 63794.09, 63696.29, 63696.29, 62293.76, 62272.07, 62272.07, 62272.07, 62272.07, 62272.07, 62272.07, 62272.07, 62272.07, 62272.07, 62272.07, 62272.07, 62272.07, 62272.07, 62272.07, 62272.07, 62272.07, 62272.07, 62272.07, 62272.07, 62272.07, 62316.44, 62316.44, 62316.44, 62316.44, 62353.00, 62866.99, 62958.59, 62568.90, 61938.00, 61938.00, 61938.00, 61938.00, 61938.00, 61938.00, 61938.00, 60249.82, 59102.70, 59102.70, 59102.70, 59102.70, 59102.70, 58115.01, 58115.01, 58115.01, 58115.01, 58115.01, 58115.01, 58115.01, 58115.01, 58115.01, 58115.01, 58115.01, 58115.01, 58115.01, 58115.01, 58115.01, 58115.01, 58115.01, 58115.01, 58115.01, 58115.01, 58337.00, 58337.00, 58337.00, 58500.10, 58500.10, 58500.10, 58900.01, 58900.01, 58900.01, 58900.01, 58201.00, 58201.00, 58201.00, 57800.19, 57800.19, 57800.19, 57800.19, 57800.19, 57800.19, 57800.19, 57800.19, 57800.19, 57800.19, 57800.19, 57800.19, 57800.19, 57800.19, 57800.19, 57800.19, 57800.19, 57800.19, 57800.19, 57800.19, 58326.00, 58326.00, 58326.00, 59588.00, 59588.00, 59588.00, 60104.00, 60132.51, 61108.99, 61108.99, 61248.86, 61248.86, 61332.76, 61306.84, 61306.84, 61306.84, 61306.84, 61306.84, 61306.84, 61306.84, 61306.84, 61306.84, 61306.84, 61306.84, 61306.84, 61306.84, 61306.84, 61306.84, 61306.84, 61306.84, 61306.84, 61306.84, 61306.84, 61544.56, 61544.56, 61544.56, 61544.56, 61544.56, 61544.56, 61544.56, 61544.56, 61544.56, 61544.56, 61544.56, 61544.56, 61692.00, 61705.29, 61705.29, 61956.46, 62465.39, 62465.39, 62559.59, 62741.04, 62500.76, 62500.76, 62101.00, 61824.97, 61824.97, 61824.97, 61824.97, 61824.97, 61824.97, 61824.97, 61824.97, 61824.97, 61824.97, 61824.97, 61824.97, 61824.97, 61824.97, 61824.97, 61824.97, 61824.97, 61824.97, 61824.97, 61824.97, 61882.88, 62272.20, 62500.00, 62500.00, 62537.56, 62537.56, 62537.56, 62537.56, 62537.56, 62537.56, 62537.56, 62537.56, 62537.56, 62537.56, 62537.56, 62537.56, 62537.56, 62537.56, 62537.56, 62537.56, 62537.56, 62537.56, 62537.56, 63100.00, 63100.00, 63100.00, 63100.00, 63100.00, 63100.00, 63100.00, 63100.00, 63100.00, 63100.00, 63100.00, 63100.00, 63100.00, 63100.00, 63100.00, 63100.00, 63100.00, 64077.76, 64650.00, 64650.00, 64650.00, 64650.00, 63739.75, 63739.75, 63739.75, 63739.75, 63739.75, 63739.75, 63739.75, 63739.75, 63739.75, 63739.75, 63739.75, 63739.75, 63739.75, 63739.75, 63739.75, 63739.75, 63739.75, 63739.75, 63739.75, 63739.75, 63605.56, 63059.39, 63059.39, 63059.39, 62742.47, 62742.47, 62742.47, 62742.47, 62742.47, 62742.47, 62742.47, 62742.47, 62742.47, 62742.47, 62742.47, 62742.47, 62742.47, 62742.47, 62742.47, 62742.47, 62742.47, 62742.47, 62466.00, 62466.00, 62466.00, 62466.00, 62466.00, 62466.00, 62466.00, 62275.00, 62275.00, 62275.00, 62275.00, 62275.00, 62275.00, 62275.00, 62275.00, 62275.00, 62275.00, 62275.00, 62275.00, 62275.00, 62275.00, 62275.00, 62275.00, 62275.00, 62275.00, 62275.00, 62275.00, 62300.00, 62300.00, 62300.00, 62300.00, 62300.00, 62300.00, 62300.00, 62300.00, 62300.00, 62300.00, 62445.26, 63322.01, 63322.01, 63322.01, 63451.80, 63451.80, 63615.38, 63880.00, 63880.00, 63880.00, 63880.00, 63880.00, 63880.00, 64166.00, 64166.00, 64166.00, 64166.00, 64166.00, 64166.00, 64166.00, 64166.00, 64166.00, 64166.00, 64203.15, 63806.27, 63806.27, 63806.27, 63806.27, 63806.27, 63451.00, 63238.00, 63238.00, 63238.00, 63238.00, 63238.00, 63238.00, 63238.00, 63238.00, 63238.00, 63238.00, 63238.00, 63238.00, 62802.27, 62802.27, 62802.27, 62802.27, 62700.00, 62535.24, 62535.24, 62535.24, 62535.24, 62535.24, 62535.24, 62535.24, 62535.24, 62535.24, 62535.24, 62535.24, 62535.24, 62535.24, 62535.24, 62535.24, 62535.24, 62535.24, 62535.24, 62535.24, 62535.24, 62716.00, 62716.00, 62716.00, 62716.00, 62716.00, 62716.00, 62716.00, 62716.00, 62716.00, 62716.00, 62716.00, 62716.00, 62716.00, 62716.00, 62751.10, 63295.00, 63295.00, 63444.17, 63979.30, 64027.85, 64027.85, 64027.85, 64027.85, 64027.85, 64166.00, 64166.00, 64166.00, 64166.00, 64255.00, 64474.86, 67825.03, 68390.00, 68902.22, 69166.00, 69772.36, 71132.00, 72205.88, 72498.00, 73027.02, 74510.77, 75545.67, 75545.67, 75545.67, 75545.67, 75545.67, 75545.67, 75545.67, 75545.67, 75545.67, 75545.67, 75545.67, 75545.67, 75952.09, 76670.01, 76670.01, 76670.01, 76670.01, 76670.01, 76838.00, 77632.58, 77632.58, 77632.58, 77632.58, 77632.58, 77632.58, 76888.00, 76888.00, 76888.00, 76888.00, 76888.00, 76888.00, 76888.00, 76888.00, 76888.00, 76888.00, 76888.00, 76888.00, 76888.00, 76888.00, 76888.00, 76888.00, 76888.00, 76888.00, 76888.00, 76888.00, 77000.00, 77000.00, 77000.00, 77000.00, 76420.00, 76420.00, 76420.00, 76420.00, 76264.00, 76264.00, 76264.00, 76264.00, 76264.00, 76264.00, 76264.00, 76264.00, 76264.00, 76264.00, 76264.00, 76264.00, 76264.00, 76264.00, 76264.00, 76264.00, 76264.00, 76264.00, 76264.00, 76264.00, 76611.67, 76950.56, 76968.00, 76968.00, 77101.01, 77478.00, 77896.07, 78660.00, 78660.00, 78660.00, 78660.00, 78660.00, 78660.00, 78680.00, 78680.00, 78179.98, 78179.98, 77620.01, 77620.01, 77620.01, 77620.01, 77620.01, 77620.01, 77620.01, 77620.01, 77620.01, 77620.01, 77620.01, 77620.01, 76676.07, 76676.07, 76464.00, 76464.00, 76464.00, 76464.00, 76046.58, 76046.58, 76046.58, 76046.58, 76046.58, 76046.58, 76046.58, 76046.58, 76046.58, 76046.58, 76046.58, 76046.58, 76046.58, 76046.58, 76046.58, 76046.58, 76046.58, 76046.58, 76046.58, 76046.58, 76388.72, 76388.72, 76388.72, 76388.72, 75605.00, 74967.97, 74967.97, 74967.97, 74967.97)
f_sigLong() => array.from<int>(0, 0, 0, 0, 0, 0, 0, 0, 0, 0, 0, 0, 0, 0, 0, 0, 0, 0, 0, 0, 0, 0, 0, 0, 0, 0, 0, 0, 0, 0, 0, 0, 0, 0, 0, 0, 0, 0, 0, 0, 0, 0, 0, 0, 0, 0, 0, 0, 0, 0, 0, 0, 0, 0, 0, 0, 0, 0, 0, 0, 0, 0, 0, 0, 0, 0, 0, 0, 0, 0, 0, 0, 0, 0, 0, 0, 0, 0, 0, 0, 0, 0, 0, 0, 0, 0, 0, 0, 0, 0, 0, 0, 0, 0, 0, 0, 0, 0, 0, 0, 0, 0, 0, 0, 0, 0, 0, 0, 0, 0, 0, 0, 0, 0, 0, 0, 0, 0, 0, 0, 0, 0, 0, 0, 0, 0, 0, 0, 0, 0, 0, 0, 0, 0, 0, 0, 0, 0, 0, 0, 0, 0, 0, 0, 0, 0, 0, 0, 0, 0, 0, 0, 0, 0, 0, 0, 0, 0, 0, 0, 0, 0, 0, 0, 0, 0, 0, 0, 0, 0, 0, 0, 0, 0, 0, 0, 0, 0, 0, 0, 0, 0, 0, 0, 0, 0, 0, 0, 0, 0, 0, 0, 0, 0, 0, 0, 0, 0, 0, 0, 0, 0, 0, 0, 0, 0, 0, 0, 0, 0, 0, 0, 0, 0, 0, 0, 0, 0, 0, 0, 0, 0, 0, 0, 0, 0, 0, 0, 0, 0, 0, 0, 0, 0, 0, 0, 0, 0, 0, 0, 0, 0, 0, 0, 0, 0, 0, 0, 0, 0, 0, 0, 0, 0, 0, 0, 0, 0, 0, 0, 0, 0, 0, 0, 0, 0, 0, 0, 0, 0, 0, 0, 0, 0, 0, 0, 0, 0, 0, 0, 0, 0, 0, 0, 0, 0, 0, 0, 0, 0, 0, 0, 0, 0, 0, 0, 0, 0, 0, 0, 0, 0, 0, 0, 0, 0, 0, 0, 0, 0, 0, 0, 0, 0, 0, 0, 0, 0, 0, 0, 0, 0, 0, 0, 0, 0, 0, 0, 0, 0, 0, 0, 0, 0, 0, 0, 0, 0, 0, 0, 0, 0, 0, 0, 0, 0, 0, 0, 0, 0, 0, 0, 0, 0, 0, 0, 0, 0, 0, 0, 0, 0, 0, 0, 0, 0, 0, 0, 0, 0, 0, 0, 0, 0, 0, 0, 0, 0, 0, 0, 0, 0, 0, 0, 0, 0, 0, 0, 0, 0, 0, 0, 0, 0, 0, 0, 0, 0, 0, 0, 0, 0, 1, 0, 0, 0, 0, 0, 0, 0, 0, 0, 0, 0, 0, 0, 0, 0, 0, 0, 0, 0, 0, 0, 0, 0, 0, 0, 0, 0, 0, 0, 0, 0, 0, 0, 0, 0, 0, 0, 0, 0, 0, 0, 0, 0, 0, 0, 0, 0, 0, 0, 0, 0, 0, 0, 0, 0, 0, 0, 0, 0, 0, 0, 0, 0, 0, 0, 0, 0, 0, 0, 0, 0, 0, 0, 0, 0, 0, 0, 0, 0, 0, 0, 0, 0, 0, 0, 0, 0, 0, 0, 0, 0, 0, 0, 0, 0, 0, 0, 0, 0, 0, 0, 0, 0, 0, 0, 0, 0, 0, 0, 0, 0, 0, 0, 0, 0, 0, 0, 0, 0, 0, 0, 0, 0, 0, 0, 0, 0, 0, 0, 0, 0, 0, 0, 0, 0, 0, 0, 0, 0, 0, 0, 0, 0, 0, 0, 0, 0, 0, 0, 0, 0, 0, 0, 0, 0, 0, 0, 0, 0, 0, 0, 0, 0, 0, 0, 0, 0, 0, 0, 0, 0, 0, 0, 0, 0, 0, 0, 0, 0, 1, 0, 0, 0, 0, 0, 0, 0, 0, 0, 0, 0, 0, 0, 0, 0, 0, 0, 0, 0, 0, 0, 0, 0, 0, 0, 0, 0, 0, 0, 0, 0, 0, 0, 0, 0, 0, 0, 0, 0, 0, 0, 0, 0, 0, 0, 0, 0, 0, 0, 0, 0, 0, 0, 0, 0, 0, 0, 0, 0, 0, 0, 0, 0, 0, 0, 0, 0, 0, 0, 0, 0, 0, 0, 0, 0, 0, 0, 0, 0, 0, 0, 0, 0, 0, 0, 0, 0, 0, 0, 0, 1, 0, 0, 0, 0, 0, 0, 0, 0, 0, 0, 0, 0, 0, 0, 0, 0, 0, 0, 0, 0, 0, 0, 0, 0, 0, 0, 0, 0, 0, 0, 0, 0, 0, 0, 0, 0, 0, 0, 0, 0, 0, 0, 0, 0, 0, 0, 0, 0, 0, 0, 0, 0, 0, 0, 0, 0, 0, 0, 0, 0, 0, 0, 0, 0, 0, 0, 0, 0, 0, 0, 0, 0, 0, 0, 0, 0)
f_sigShort() => array.from<int>(0, 0, 0, 0, 0, 0, 0, 0, 0, 0, 0, 0, 0, 0, 0, 0, 0, 0, 0, 0, 0, 0, 0, 0, 0, 0, 0, 0, 0, 0, 0, 0, 0, 0, 0, 0, 0, 0, 0, 0, 0, 0, 0, 0, 0, 0, 0, 0, 0, 1, 0, 0, 0, 0, 0, 0, 0, 0, 0, 0, 0, 0, 0, 0, 0, 0, 0, 0, 0, 0, 0, 0, 0, 0, 0, 0, 0, 0, 0, 0, 0, 0, 0, 0, 0, 0, 0, 0, 0, 0, 0, 0, 0, 0, 0, 0, 0, 0, 0, 0, 0, 0, 0, 0, 0, 0, 0, 0, 0, 0, 0, 0, 0, 0, 0, 0, 0, 0, 0, 0, 0, 0, 0, 0, 0, 0, 0, 0, 0, 0, 0, 0, 0, 0, 0, 0, 0, 0, 0, 0, 0, 0, 0, 0, 0, 0, 0, 0, 0, 0, 0, 0, 0, 0, 0, 0, 0, 0, 0, 0, 0, 0, 0, 0, 0, 0, 0, 0, 0, 0, 0, 0, 0, 0, 0, 0, 0, 0, 0, 0, 0, 0, 0, 0, 0, 0, 0, 0, 0, 0, 0, 0, 0, 0, 0, 0, 0, 0, 0, 0, 0, 0, 0, 0, 0, 0, 0, 0, 0, 0, 1, 0, 0, 0, 0, 0, 0, 0, 0, 0, 0, 0, 0, 0, 0, 0, 0, 0, 0, 0, 0, 0, 0, 0, 0, 0, 0, 0, 0, 0, 0, 0, 0, 0, 0, 0, 0, 0, 0, 0, 0, 0, 0, 0, 0, 0, 0, 0, 0, 0, 0, 0, 0, 0, 0, 0, 0, 0, 0, 0, 0, 0, 0, 0, 0, 0, 0, 0, 0, 0, 0, 0, 0, 0, 0, 0, 0, 0, 0, 0, 0, 0, 0, 0, 0, 0, 0, 0, 0, 0, 0, 0, 0, 0, 0, 0, 0, 0, 0, 0, 0, 0, 0, 0, 0, 0, 0, 0, 0, 0, 0, 0, 0, 0, 0, 0, 0, 0, 0, 0, 0, 0, 0, 0, 0, 0, 0, 0, 0, 0, 0, 0, 0, 0, 0, 0, 0, 0, 0, 0, 0, 0, 0, 0, 0, 0, 0, 0, 0, 0, 0, 0, 0, 0, 0, 0, 0, 0, 0, 0, 0, 0, 0, 0, 0, 0, 0, 0, 0, 0, 0, 0, 0, 0, 0, 0, 0, 0, 0, 0, 0, 0, 0, 0, 0, 0, 0, 0, 0, 0, 0, 0, 0, 0, 0, 0, 0, 0, 0, 0, 0, 0, 0, 0, 0, 0, 0, 0, 0, 0, 0, 0, 0, 0, 0, 0, 0, 0, 0, 0, 0, 0, 0, 0, 0, 0, 0, 0, 0, 0, 0, 0, 0, 0, 0, 0, 0, 0, 0, 0, 0, 0, 0, 0, 0, 0, 0, 0, 0, 0, 0, 0, 0, 0, 0, 0, 0, 0, 0, 0, 0, 0, 0, 0, 0, 0, 0, 0, 0, 0, 0, 0, 0, 0, 0, 0, 0, 0, 0, 0, 0, 0, 0, 0, 0, 0, 0, 0, 0, 0, 0, 0, 0, 0, 0, 0, 0, 0, 0, 0, 0, 0, 0, 0, 0, 0, 0, 0, 0, 0, 0, 0, 0, 0, 0, 0, 0, 0, 0, 0, 0, 0, 0, 0, 0, 0, 0, 0, 0, 0, 0, 0, 0, 0, 0, 0, 0, 0, 0, 0, 0, 0, 0, 0, 0, 0, 0, 0, 0, 0, 0, 0, 0, 0, 0, 0, 0, 0, 0, 0, 0, 0, 0, 0, 0, 0, 0, 0, 0, 0, 0, 0, 0, 0, 0, 0, 0, 0, 0, 0, 0, 0, 0, 0, 0, 0, 0, 0, 0, 0, 0, 0, 0, 0, 0, 0, 0, 0, 0, 0, 0, 0, 0, 0, 0, 0, 0, 0, 0, 0, 0, 0, 0, 0, 0, 0, 0, 0, 0, 0, 0, 0, 0, 0, 0, 0, 0, 0, 0, 0, 0, 0, 0, 0, 0, 0, 0, 0, 0, 0, 0, 0, 0, 0, 0, 0, 0, 0, 0, 0, 0, 0, 0, 0, 0, 0, 0, 0, 0, 0, 0, 0, 0, 0, 0, 0, 0, 0, 0, 0, 0, 0, 0, 0, 0, 0, 0, 0, 0, 0, 0, 0, 0, 0, 0, 0, 0, 0, 0, 0, 0, 0, 0, 0, 0, 0, 0, 0, 0, 0, 0, 0, 0, 0, 0, 0, 0, 0, 0, 0, 0, 0, 0, 0, 0, 0, 0, 0, 0, 0, 0, 0, 0, 0, 0, 0, 0, 0, 0, 0, 0, 0, 0, 0, 0, 0, 0, 0, 0, 0)
// ---- PAYLOAD-END

// ================= GOLD =================
// ---- PAYLOAD-BEGIN (export_viz_payload.py — otomatik; elle düzenlemeyin)
payloadMeta = "GOLD · 2026-09 · 750 bar · capped P0xA0 · final sinyal: 7 · son bar 2026-09-16 06:00 UTC · UNTESTED-VIZ — dogruluk kaynagi DEGIL"
payloadOK   = true
f_ts() => array.from<int>(1773856800000, 1773871200000, 1773885600000, 1773900000000, 1773914400000, 1773928800000, 1773943200000, 1773957600000, 1773972000000, 1773986400000, 1774000800000, 1774015200000, 1774029600000, 1774216800000, 1774231200000, 1774245600000, 1774260000000, 1774274400000, 1774288800000, 1774303200000, 1774317600000, 1774332000000, 1774346400000, 1774360800000, 1774375200000, 1774389600000, 1774404000000, 1774418400000, 1774432800000, 1774447200000, 1774461600000, 1774476000000, 1774490400000, 1774504800000, 1774519200000, 1774533600000, 1774548000000, 1774562400000, 1774576800000, 1774591200000, 1774605600000, 1774620000000, 1774634400000, 1774821600000, 1774836000000, 1774850400000, 1774864800000, 1774879200000, 1774893600000, 1774908000000, 1774922400000, 1774936800000, 1774951200000, 1774965600000, 1774980000000, 1774994400000, 1775008800000, 1775023200000, 1775037600000, 1775052000000, 1775066400000, 1775080800000, 1775095200000, 1775109600000, 1775124000000, 1775138400000, 1775152800000, 1775426400000, 1775440800000, 1775455200000, 1775469600000, 1775484000000, 1775498400000, 1775512800000, 1775527200000, 1775541600000, 1775556000000, 1775570400000, 1775584800000, 1775599200000, 1775613600000, 1775628000000, 1775642400000, 1775656800000, 1775671200000, 1775685600000, 1775700000000, 1775714400000, 1775728800000, 1775743200000, 1775757600000, 1775772000000, 1775786400000, 1775800800000, 1775815200000, 1775829600000, 1775844000000, 1776031200000, 1776045600000, 1776060000000, 1776074400000, 1776088800000, 1776103200000, 1776117600000, 1776132000000, 1776146400000, 1776160800000, 1776175200000, 1776189600000, 1776204000000, 1776218400000, 1776232800000, 1776247200000, 1776261600000, 1776276000000, 1776290400000, 1776304800000, 1776319200000, 1776333600000, 1776348000000, 1776362400000, 1776376800000, 1776391200000, 1776405600000, 1776420000000, 1776434400000, 1776448800000, 1776636000000, 1776650400000, 1776664800000, 1776679200000, 1776693600000, 1776708000000, 1776722400000, 1776736800000, 1776751200000, 1776765600000, 1776780000000, 1776794400000, 1776808800000, 1776823200000, 1776837600000, 1776852000000, 1776866400000, 1776880800000, 1776895200000, 1776909600000, 1776924000000, 1776938400000, 1776952800000, 1776967200000, 1776981600000, 1776996000000, 1777010400000, 1777024800000, 1777039200000, 1777053600000, 1777240800000, 1777255200000, 1777269600000, 1777284000000, 1777298400000, 1777312800000, 1777327200000, 1777341600000, 1777356000000, 1777370400000, 1777384800000, 1777399200000, 1777413600000, 1777428000000, 1777442400000, 1777456800000, 1777471200000, 1777485600000, 1777500000000, 1777514400000, 1777528800000, 1777543200000, 1777557600000, 1777572000000, 1777586400000, 1777600800000, 1777615200000, 1777629600000, 1777644000000, 1777658400000, 1777845600000, 1777860000000, 1777874400000, 1777888800000, 1777903200000, 1777917600000, 1777932000000, 1777946400000, 1777960800000, 1777975200000, 1777989600000, 1778004000000, 1778018400000, 1778032800000, 1778047200000, 1778061600000, 1778076000000, 1778090400000, 1778104800000, 1778119200000, 1778133600000, 1778148000000, 1778162400000, 1778176800000, 1778191200000, 1778205600000, 1778220000000, 1778234400000, 1778248800000, 1778263200000, 1778450400000, 1778464800000, 1778479200000, 1778493600000, 1778508000000, 1778522400000, 1778536800000, 1778551200000, 1778565600000, 1778580000000, 1778594400000, 1778608800000, 1778623200000, 1778637600000, 1778652000000, 1778666400000, 1778680800000, 1778695200000, 1778709600000, 1778724000000, 1778738400000, 1778752800000, 1778767200000, 1778781600000, 1778796000000, 1778810400000, 1778824800000, 1778839200000, 1778853600000, 1778868000000, 1779055200000, 1779069600000, 1779084000000, 1779098400000, 1779112800000, 1779127200000, 1779141600000, 1779156000000, 1779170400000, 1779184800000, 1779199200000, 1779213600000, 1779228000000, 1779242400000, 1779256800000, 1779271200000, 1779285600000, 1779300000000, 1779314400000, 1779328800000, 1779343200000, 1779357600000, 1779372000000, 1779386400000, 1779400800000, 1779415200000, 1779429600000, 1779444000000, 1779458400000, 1779472800000, 1779760800000, 1779775200000, 1779789600000, 1779804000000, 1779818400000, 1779832800000, 1779847200000, 1779861600000, 1779876000000, 1779890400000, 1779904800000, 1779919200000, 1779933600000, 1779948000000, 1779962400000, 1779976800000, 1779991200000, 1780005600000, 1780020000000, 1780034400000, 1780048800000, 1780063200000, 1780077600000, 1780264800000, 1780279200000, 1780293600000, 1780308000000, 1780322400000, 1780336800000, 1780351200000, 1780365600000, 1780380000000, 1780394400000, 1780408800000, 1780423200000, 1780437600000, 1780452000000, 1780466400000, 1780480800000, 1780495200000, 1780509600000, 1780524000000, 1780538400000, 1780552800000, 1780567200000, 1780581600000, 1780596000000, 1780610400000, 1780624800000, 1780639200000, 1780653600000, 1780668000000, 1780682400000, 1780869600000, 1780884000000, 1780898400000, 1780912800000, 1780927200000, 1780941600000, 1780956000000, 1780970400000, 1780984800000, 1780999200000, 1781013600000, 1781028000000, 1781042400000, 1781056800000, 1781071200000, 1781085600000, 1781100000000, 1781114400000, 1781128800000, 1781143200000, 1781157600000, 1781172000000, 1781186400000, 1781200800000, 1781215200000, 1781229600000, 1781244000000, 1781258400000, 1781272800000, 1781287200000, 1781474400000, 1781488800000, 1781503200000, 1781517600000, 1781532000000, 1781546400000, 1781560800000, 1781575200000, 1781589600000, 1781604000000, 1781618400000, 1781632800000, 1781647200000, 1781661600000, 1781676000000, 1781690400000, 1781704800000, 1781719200000, 1781733600000, 1781748000000, 1781762400000, 1781776800000, 1781791200000, 1781805600000, 1781820000000, 1781834400000, 1782079200000, 1782093600000, 1782108000000, 1782122400000, 1782136800000, 1782151200000, 1782165600000, 1782180000000, 1782194400000, 1782208800000, 1782223200000, 1782237600000, 1782252000000, 1782266400000, 1782280800000, 1782295200000, 1782309600000, 1782324000000, 1782338400000, 1782352800000, 1782367200000, 1782381600000, 1782396000000, 1782410400000, 1782424800000, 1782439200000, 1782453600000, 1782468000000, 1782482400000, 1782496800000, 1782684000000, 1782698400000, 1782712800000, 1782727200000, 1782741600000, 1782756000000, 1782770400000, 1782784800000, 1782799200000, 1782813600000, 1782828000000, 1782842400000, 1782856800000, 1782871200000, 1782885600000, 1782900000000, 1782914400000, 1782928800000, 1782943200000, 1782957600000, 1782972000000, 1782986400000, 1783000800000, 1783015200000, 1783029600000, 1783044000000, 1783288800000, 1783303200000, 1783317600000, 1783332000000, 1783346400000, 1783360800000, 1783375200000, 1783389600000, 1783404000000, 1783418400000, 1783432800000, 1783447200000, 1783461600000, 1783476000000, 1783490400000, 1783504800000, 1783519200000, 1783533600000, 1783548000000, 1783562400000, 1783576800000, 1783591200000, 1783605600000, 1783620000000, 1783634400000, 1783648800000, 1783663200000, 1783677600000, 1783692000000, 1783706400000, 1783893600000, 1783908000000, 1783922400000, 1783936800000, 1783951200000, 1783965600000, 1783980000000, 1783994400000, 1784008800000, 1784023200000, 1784037600000, 1784052000000, 1784066400000, 1784080800000, 1784095200000, 1784109600000, 1784124000000, 1784138400000, 1784152800000, 1784167200000, 1784181600000, 1784196000000, 1784210400000, 1784224800000, 1784239200000, 1784253600000, 1784268000000, 1784282400000, 1784296800000, 1784311200000, 1784498400000, 1784512800000, 1784527200000, 1784541600000, 1784556000000, 1784570400000, 1784584800000, 1784599200000, 1784613600000, 1784628000000, 1784642400000, 1784656800000, 1784671200000, 1784685600000, 1784700000000, 1784714400000, 1784728800000, 1784743200000, 1784757600000, 1784772000000, 1784786400000, 1784800800000, 1784815200000, 1784829600000, 1784844000000, 1784858400000, 1784872800000, 1784887200000, 1784901600000, 1784916000000, 1785103200000, 1785117600000, 1785132000000, 1785146400000, 1785160800000, 1785175200000, 1785189600000, 1785204000000, 1785218400000, 1785232800000, 1785247200000, 1785261600000, 1785276000000, 1785290400000, 1785304800000, 1785319200000, 1785333600000, 1785348000000, 1785362400000, 1785376800000, 1785391200000, 1785405600000, 1785420000000, 1785434400000, 1785448800000, 1785463200000, 1785477600000, 1785492000000, 1785506400000, 1785520800000, 1785708000000, 1785722400000, 1785736800000, 1785751200000, 1785765600000, 1785780000000, 1785794400000, 1785808800000, 1785823200000, 1785837600000, 1785852000000, 1785866400000, 1785880800000, 1785895200000, 1785909600000, 1785924000000, 1785938400000, 1785952800000, 1785967200000, 1785981600000, 1785996000000, 1786010400000, 1786024800000, 1786039200000, 1786053600000, 1786068000000, 1786082400000, 1786096800000, 1786111200000, 1786125600000, 1786312800000, 1786327200000, 1786341600000, 1786356000000, 1786370400000, 1786384800000, 1786399200000, 1786413600000, 1786428000000, 1786442400000, 1786456800000, 1786471200000, 1786485600000, 1786500000000, 1786514400000, 1786528800000, 1786543200000, 1786557600000, 1786572000000, 1786586400000, 1786600800000, 1786615200000, 1786629600000, 1786644000000, 1786658400000, 1786672800000, 1786687200000, 1786701600000, 1786716000000, 1786730400000, 1786917600000, 1786932000000, 1786946400000, 1786960800000, 1786975200000, 1786989600000, 1787004000000, 1787018400000, 1787032800000, 1787047200000, 1787061600000, 1787076000000, 1787090400000, 1787104800000, 1787119200000, 1787133600000, 1787148000000, 1787162400000, 1787176800000, 1787191200000, 1787205600000, 1787220000000, 1787234400000, 1787248800000, 1787263200000, 1787277600000, 1787292000000, 1787306400000, 1787320800000, 1787335200000, 1787522400000, 1787536800000, 1787551200000, 1787565600000, 1787580000000, 1787594400000, 1787608800000, 1787623200000, 1787637600000, 1787652000000, 1787666400000, 1787680800000, 1787695200000, 1787709600000, 1787724000000, 1787738400000, 1787752800000, 1787767200000, 1787781600000, 1787796000000, 1787810400000, 1787824800000, 1787839200000, 1787853600000, 1787868000000, 1787882400000, 1787896800000, 1787911200000, 1787925600000, 1787940000000, 1788127200000, 1788141600000, 1788156000000, 1788170400000, 1788184800000, 1788199200000, 1788213600000, 1788228000000, 1788242400000, 1788256800000, 1788271200000, 1788285600000, 1788300000000, 1788314400000, 1788328800000, 1788343200000, 1788357600000, 1788372000000, 1788386400000, 1788400800000, 1788415200000, 1788429600000, 1788444000000, 1788458400000, 1788472800000, 1788487200000, 1788501600000, 1788516000000, 1788530400000, 1788544800000, 1788832800000, 1788847200000, 1788861600000, 1788876000000, 1788890400000, 1788904800000, 1788919200000, 1788933600000, 1788948000000, 1788962400000, 1788976800000, 1788991200000, 1789005600000, 1789020000000, 1789034400000, 1789048800000, 1789063200000, 1789077600000, 1789092000000, 1789106400000, 1789120800000, 1789135200000, 1789149600000, 1789336800000, 1789351200000, 1789365600000, 1789380000000, 1789394400000, 1789408800000, 1789423200000, 1789437600000, 1789452000000, 1789466400000, 1789480800000, 1789495200000, 1789509600000, 1789524000000, 1789538400000)
f_ema200() => array.from<float>(5036.52, 5034.68, 5032.63, 5029.34, 5025.30, 5021.26, 5017.58, 5014.21, 5010.99, 5007.58, 5003.69, 4999.44, 4994.43, 4988.42, 4981.71, 4974.47, 4969.33, 4963.95, 4958.44, 4952.12, 4946.13, 4940.97, 4935.41, 4929.97, 4925.44, 4922.13, 4918.48, 4914.82, 4911.12, 4907.51, 4903.49, 4899.79, 4895.17, 4890.45, 4886.07, 4881.01, 4875.99, 4871.37, 4867.17, 4863.09, 4859.06, 4855.64, 4852.31, 4848.79, 4845.83, 4843.01, 4840.13, 4837.19, 4834.24, 4832.26, 4829.92, 4827.48, 4825.59, 4824.20, 4822.96, 4821.92, 4820.81, 4820.11, 4819.57, 4819.39, 4819.04, 4818.09, 4816.14, 4814.46, 4813.05, 4811.69, 4810.60, 4809.02, 4807.72, 4806.85, 4805.84, 4804.60, 4803.32, 4801.81, 4800.48, 4799.45, 4798.14, 4797.18, 4796.55, 4796.97, 4797.55, 4797.68, 4797.74, 4797.36, 4796.84, 4796.38, 4795.79, 4795.37, 4795.31, 4795.58, 4795.53, 4795.45, 4795.39, 4795.19, 4795.23, 4795.12, 4794.88, 4794.37, 4793.94, 4793.37, 4792.97, 4792.58, 4792.32, 4792.27, 4792.17, 4792.26, 4792.53, 4793.19, 4793.90, 4794.67, 4795.16, 4795.41, 4795.98, 4796.16, 4796.34, 4796.77, 4797.24, 4797.61, 4797.79, 4797.92, 4798.05, 4798.17, 4798.34, 4798.48, 4799.52, 4800.37, 4801.16, 4801.42, 4801.54, 4801.64, 4802.01, 4802.26, 4802.64, 4802.91, 4802.91, 4802.91, 4802.86, 4802.15, 4801.51, 4801.20, 4801.05, 4800.78, 4800.49, 4800.05, 4799.63, 4799.03, 4798.34, 4797.49, 4796.94, 4796.23, 4795.36, 4794.56, 4793.63, 4792.68, 4792.03, 4791.52, 4791.01, 4790.28, 4789.64, 4788.93, 4788.16, 4787.26, 4786.37, 4785.36, 4783.98, 4782.33, 4780.45, 4778.74, 4777.06, 4775.28, 4773.58, 4771.54, 4769.18, 4767.12, 4765.03, 4763.30, 4761.41, 4760.18, 4758.81, 4757.53, 4756.32, 4755.09, 4753.71, 4751.91, 4750.78, 4749.69, 4748.64, 4747.40, 4746.04, 4744.44, 4742.76, 4740.67, 4738.59, 4736.72, 4734.92, 4733.24, 4731.81, 4730.21, 4728.59, 4727.67, 4727.14, 4727.00, 4726.87, 4726.55, 4726.31, 4726.29, 4726.12, 4726.24, 4726.54, 4726.49, 4726.19, 4726.24, 4726.33, 4726.29, 4726.60, 4726.64, 4726.68, 4726.35, 4725.69, 4725.09, 4725.29, 4725.37, 4725.57, 4725.68, 4725.66, 4725.48, 4725.09, 4724.70, 4724.68, 4724.54, 4724.41, 4724.26, 4723.88, 4723.58, 4723.32, 4723.03, 4722.77, 4722.60, 4722.23, 4721.85, 4721.19, 4720.16, 4718.60, 4716.92, 4715.13, 4713.63, 4712.12, 4710.28, 4708.54, 4706.93, 4705.66, 4704.13, 4702.80, 4701.45, 4699.88, 4698.34, 4696.43, 4694.53, 4692.45, 4690.37, 4688.23, 4686.24, 4684.24, 4682.76, 4681.40, 4680.22, 4678.71, 4677.25, 4675.62, 4674.40, 4673.11, 4671.65, 4670.07, 4668.70, 4667.17, 4665.71, 4664.29, 4662.93, 4661.54, 4660.08, 4658.38, 4656.88, 4655.39, 4653.81, 4652.50, 4650.57, 4648.89, 4647.29, 4645.23, 4642.96, 4640.78, 4638.99, 4638.00, 4636.90, 4635.90, 4635.01, 4634.28, 4633.61, 4633.12, 4632.72, 4631.96, 4631.13, 4630.08, 4628.59, 4627.48, 4626.36, 4625.14, 4624.36, 4623.71, 4622.80, 4621.72, 4620.70, 4619.54, 4618.21, 4616.75, 4615.34, 4613.86, 4612.36, 4611.17, 4610.02, 4608.91, 4608.06, 4607.05, 4606.00, 4604.68, 4603.30, 4602.19, 4600.09, 4597.76, 4595.45, 4593.00, 4590.26, 4587.56, 4585.21, 4583.01, 4580.73, 4578.54, 4576.44, 4574.25, 4572.05, 4569.21, 4566.38, 4562.86, 4559.53, 4555.87, 4552.36, 4548.21, 4543.69, 4539.50, 4535.28, 4531.07, 4526.83, 4523.31, 4520.43, 4517.32, 4514.11, 4511.41, 4508.38, 4505.73, 4503.07, 4501.42, 4499.73, 4498.32, 4497.11, 4495.61, 4493.97, 4492.38, 4490.83, 4489.59, 4488.23, 4486.97, 4485.64, 4484.40, 4483.02, 4481.69, 4480.48, 4479.69, 4477.66, 4476.27, 4474.80, 4472.93, 4470.97, 4468.77, 4466.37, 4463.74, 4460.80, 4458.28, 4455.82, 4453.54, 4451.20, 4448.72, 4445.97, 4443.32, 4440.29, 4437.30, 4434.48, 4431.61, 4428.60, 4425.40, 4422.09, 4418.70, 4415.08, 4410.85, 4406.93, 4402.80, 4398.81, 4394.87, 4391.12, 4387.73, 4384.28, 4380.82, 4377.26, 4374.13, 4371.29, 4368.49, 4365.78, 4362.89, 4359.97, 4356.84, 4353.75, 4350.58, 4347.40, 4343.77, 4340.26, 4337.25, 4334.34, 4331.46, 4328.38, 4325.02, 4321.65, 4318.43, 4316.30, 4313.97, 4311.29, 4308.81, 4306.52, 4304.24, 4302.70, 4300.88, 4299.24, 4298.20, 4297.11, 4296.12, 4294.76, 4293.38, 4291.98, 4290.80, 4289.77, 4288.42, 4286.89, 4285.45, 4284.30, 4283.03, 4281.37, 4279.79, 4278.38, 4276.14, 4274.20, 4272.24, 4270.39, 4268.51, 4266.75, 4265.25, 4263.92, 4262.75, 4261.45, 4260.11, 4258.77, 4257.33, 4255.85, 4254.40, 4253.00, 4251.28, 4249.39, 4247.67, 4245.71, 4243.27, 4240.94, 4238.71, 4236.71, 4234.64, 4233.14, 4231.52, 4229.80, 4227.94, 4226.08, 4224.19, 4222.64, 4221.11, 4219.57, 4217.83, 4215.98, 4214.20, 4212.01, 4209.80, 4207.51, 4205.31, 4203.16, 4201.15, 4199.17, 4197.33, 4195.55, 4193.68, 4191.87, 4190.22, 4188.42, 4186.63, 4184.90, 4183.33, 4182.16, 4181.05, 4179.82, 4178.75, 4177.79, 4177.28, 4176.86, 4176.28, 4176.12, 4175.84, 4175.44, 4174.89, 4174.41, 4173.60, 4172.33, 4171.05, 4169.87, 4168.64, 4167.21, 4166.17, 4165.21, 4164.22, 4163.29, 4162.78, 4162.11, 4161.48, 4160.63, 4159.81, 4159.00, 4157.88, 4156.75, 4155.43, 4154.09, 4152.84, 4151.60, 4150.34, 4149.16, 4148.59, 4147.76, 4147.31, 4147.10, 4147.05, 4146.49, 4146.24, 4146.50, 4146.64, 4146.81, 4146.76, 4146.62, 4146.27, 4145.62, 4145.26, 4144.88, 4144.56, 4144.36, 4144.03, 4143.47, 4142.90, 4142.58, 4142.31, 4142.06, 4141.69, 4141.68, 4141.69, 4141.62, 4141.77, 4142.57, 4143.31, 4144.53, 4146.19, 4147.80, 4149.78, 4151.53, 4153.34, 4155.05, 4156.55, 4157.97, 4159.53, 4161.30, 4163.43, 4165.87, 4168.20, 4170.50, 4172.62, 4174.95, 4177.19, 4179.17, 4181.56, 4184.22, 4187.25, 4189.72, 4192.12, 4194.67, 4196.99, 4199.29, 4201.85, 4204.33, 4207.02, 4209.81, 4212.30, 4214.85, 4217.36, 4219.58, 4221.79, 4223.86, 4225.73, 4227.54, 4228.99, 4230.59, 4232.41, 4234.49, 4236.49, 4238.49, 4240.62, 4242.71, 4244.80, 4246.99, 4249.22, 4251.45, 4253.57, 4255.53, 4257.46, 4259.39, 4260.92, 4262.20, 4263.67, 4264.92, 4266.42, 4268.92, 4271.67, 4274.75, 4277.46, 4280.06, 4282.63, 4285.16, 4288.06, 4290.91, 4293.86, 4297.01, 4300.42, 4303.78, 4307.51, 4311.22, 4314.98, 4318.78, 4322.60, 4326.57, 4330.22, 4334.00, 4337.78, 4341.37, 4344.86, 4348.11, 4351.67, 4355.29, 4358.86, 4362.22, 4365.37, 4368.57, 4371.40, 4374.15, 4377.34, 4380.17, 4382.68, 4385.10, 4387.84, 4390.50, 4392.87, 4395.19, 4397.81, 4400.39, 4401.58, 4402.86, 4403.72, 4404.60, 4405.51, 4406.15, 4406.94, 4407.84, 4408.68, 4409.48, 4409.53, 4409.57, 4409.39, 4409.05, 4408.34, 4407.93, 4407.41, 4407.67, 4407.82, 4408.09, 4408.55, 4409.23, 4409.88, 4410.95, 4412.19, 4413.26, 4414.38, 4415.41, 4416.37, 4416.80, 4417.27, 4417.86, 4418.32, 4418.61, 4418.83, 4418.98, 4418.79, 4418.78, 4419.02, 4419.17, 4419.57, 4419.98, 4420.26, 4420.60, 4421.14, 4421.30, 4421.17, 4420.91, 4420.29, 4419.78, 4419.45, 4419.13, 4419.38, 4419.19, 4419.09, 4418.85, 4418.44, 4417.51, 4416.47, 4415.82, 4415.07, 4414.36, 4413.53, 4412.49, 4411.71, 4410.95, 4410.18, 4409.30, 4408.88, 4408.47)
f_stopLong() => array.from<float>(4923.54, 4922.88, 4923.94, 4916.57, 4905.39, 4904.37, 4904.69, 4905.16, 4433.58, 4433.27, 4432.41, 4431.80, 4429.73, 4419.75, 4417.39, 4408.14, 4396.93, 4392.82, 4394.79, 3987.57, 3990.33, 3991.59, 3992.70, 3995.88, 4202.33, 4199.63, 4203.37, 4207.65, 4209.93, 4212.84, 4213.64, 4216.26, 4215.73, 4218.55, 4221.59, 4219.51, 4220.81, 4223.69, 4225.46, 4228.23, 4272.84, 4269.17, 4271.76, 4270.49, 4271.07, 4274.01, 4274.69, 4276.64, 4279.58, 4274.52, 4275.36, 4278.16, 4277.37, 4439.00, 4441.68, 4442.13, 4444.34, 4444.37, 4445.55, 4445.17, 4447.22, 4440.97, 4437.33, 4435.62, 4435.68, 4436.07, 4438.89, 4508.90, 4510.11, 4510.57, 4512.75, 4513.82, 4517.05, 4517.75, 4518.99, 4519.12, 4519.73, 4579.29, 4579.25, 4572.64, 4573.80, 4564.57, 4566.38, 4566.54, 4567.69, 4569.48, 4571.90, 4573.94, 4574.18, 4661.18, 4662.56, 4663.98, 4665.43, 4666.55, 4667.30, 4667.28, 4668.54, 4698.61, 4700.80, 4702.42, 4702.95, 4614.70, 4616.51, 4617.36, 4619.27, 4677.69, 4676.92, 4676.37, 4678.58, 4678.59, 4678.78, 4679.04, 4679.23, 4678.98, 4680.98, 4680.56, 4681.65, 4768.18, 4768.09, 4767.89, 4769.77, 4769.90, 4770.98, 4772.00, 4766.38, 4744.92, 4744.84, 4738.66, 4740.91, 4738.77, 4736.90, 4737.83, 4740.15, 4741.31, 4742.46, 4742.85, 4743.01, 4739.87, 4739.32, 4739.83, 4741.52, 4743.24, 4644.40, 4644.91, 4646.28, 4644.75, 4645.17, 4645.83, 4644.28, 4641.66, 4642.24, 4643.59, 4643.45, 4644.25, 4644.03, 4644.60, 4632.42, 4631.38, 4631.78, 4633.33, 4634.34, 4649.23, 4651.29, 4651.31, 4649.83, 4649.65, 4647.80, 4647.29, 4649.45, 4649.59, 4531.58, 4530.74, 4528.56, 4527.92, 4528.23, 4527.95, 4482.41, 4479.99, 4480.41, 4481.91, 4483.89, 4484.76, 4485.01, 4484.14, 4481.96, 4481.79, 4482.86, 4530.56, 4531.39, 4532.01, 4530.76, 4527.52, 4529.33, 4530.18, 4531.29, 4472.21, 4471.61, 4471.96, 4473.67, 4470.29, 4470.35, 4469.44, 4467.81, 4468.05, 4469.72, 4470.00, 4470.94, 4469.87, 4470.42, 4467.48, 4467.96, 4466.45, 4467.71, 4468.08, 4467.58, 4628.02, 4630.00, 4629.19, 4628.33, 4629.08, 4625.37, 4626.37, 4612.34, 4611.57, 4612.82, 4613.64, 4614.08, 4612.89, 4612.78, 4613.97, 4615.50, 4606.23, 4606.00, 4606.08, 4607.70, 4608.67, 4638.76, 4639.06, 4638.44, 4638.89, 4639.03, 4637.45, 4635.40, 4634.12, 4632.60, 4632.73, 4633.66, 4631.08, 4632.07, 4633.00, 4632.13, 4439.65, 4440.40, 4440.94, 4441.61, 4442.73, 4439.62, 4440.61, 4442.01, 4441.12, 4441.68, 4442.48, 4443.66, 4440.13, 4413.19, 4413.55, 4413.10, 4413.88, 4413.29, 4411.76, 4412.76, 4413.97, 4448.26, 4449.29, 4450.10, 4449.84, 4451.32, 4452.50, 4453.09, 4452.69, 4452.51, 4452.79, 4453.24, 4453.91, 4452.73, 4448.75, 4449.41, 4451.36, 4449.38, 4391.46, 4392.48, 4390.67, 4386.78, 4353.00, 4353.78, 4355.21, 4355.87, 4356.49, 4354.21, 4355.33, 4355.43, 4356.29, 4356.96, 4354.96, 4354.32, 4356.48, 4356.81, 4355.52, 4437.04, 4437.53, 4438.36, 4440.12, 4440.21, 4440.53, 4440.68, 4440.17, 4440.79, 4441.77, 4440.60, 4441.08, 4442.22, 4440.97, 4414.41, 4416.16, 4415.87, 4416.85, 4416.24, 4410.60, 4409.38, 4410.13, 4409.13, 4407.64, 4407.47, 4406.17, 4407.02, 4251.31, 4252.33, 4253.30, 4254.09, 4254.04, 4249.65, 4250.98, 4248.44, 4248.91, 4247.66, 4246.79, 4244.34, 4243.96, 4240.87, 4240.74, 4241.86, 4242.77, 3991.06, 3988.62, 3987.38, 3989.11, 4015.61, 4016.57, 4016.35, 4018.03, 4014.66, 4016.80, 4017.62, 4018.31, 4018.65, 4021.00, 4023.27, 4024.94, 4025.82, 4027.46, 4282.15, 4284.39, 4285.87, 4286.84, 4288.29, 4289.12, 4287.97, 4279.04, 4277.05, 4278.54, 4278.29, 4189.71, 4189.95, 4191.07, 4192.22, 4192.50, 4189.52, 4189.72, 4189.15, 4188.25, 4101.72, 4102.45, 4102.49, 4102.47, 4103.35, 4104.23, 4105.92, 4107.47, 4064.09, 4063.95, 4064.75, 4060.46, 4058.97, 4059.32, 4059.52, 4060.12, 4061.32, 3927.79, 3928.01, 3929.76, 3931.24, 3931.54, 3931.30, 3931.43, 3932.56, 3956.23, 3956.81, 3957.14, 3956.85, 3957.97, 3958.15, 3959.52, 3956.47, 3956.15, 3954.81, 3955.81, 3913.05, 3914.06, 3913.78, 3915.50, 3916.47, 3910.11, 3909.77, 3909.99, 3928.14, 3928.98, 3930.76, 3927.53, 3928.02, 3929.66, 3927.44, 3929.87, 3930.59, 3930.49, 3930.75, 3930.63, 3930.32, 3931.92, 3931.31, 3932.19, 3933.66, 3932.90, 3933.75, 4087.41, 4087.92, 4088.76, 4084.89, 4084.60, 4083.80, 4084.95, 4086.02, 4086.83, 3991.93, 3992.20, 3993.32, 3994.81, 3995.90, 3996.54, 3997.25, 3997.39, 3996.82, 3997.75, 3997.07, 3997.62, 3997.46, 3997.86, 3995.94, 3997.12, 3997.60, 3998.12, 3999.19, 3995.10, 3952.27, 3953.49, 3954.17, 3955.30, 3956.49, 3955.44, 3955.03, 3955.14, 3988.24, 3989.14, 3990.47, 3987.70, 3987.54, 3988.54, 3989.36, 3989.06, 3989.92, 3939.20, 3939.16, 3940.45, 3940.00, 3929.97, 3930.26, 3929.99, 3930.75, 3932.02, 3931.54, 3930.44, 3969.59, 3969.99, 3969.92, 3970.71, 3969.53, 3970.19, 3970.52, 3969.09, 3969.44, 3970.66, 3967.91, 3968.82, 3968.21, 3966.60, 3967.51, 3969.15, 3970.60, 3970.89, 3970.29, 3970.77, 3971.20, 3994.38, 3993.03, 3993.35, 3994.15, 3993.75, 3993.87, 3994.79, 3993.82, 3994.77, 3994.18, 3994.78, 3994.27, 3995.16, 3995.46, 3996.14, 3992.75, 3992.47, 3976.07, 3973.05, 3973.00, 3971.10, 3970.60, 3969.70, 3969.79, 3971.25, 3971.78, 3973.09, 3972.91, 3972.67, 3972.81, 3974.38, 3974.51, 3975.61, 4043.33, 4042.33, 4043.71, 4043.93, 4044.32, 4042.98, 4043.22, 4041.84, 4041.80, 4043.06, 4042.63, 4039.07, 4039.66, 4037.50, 4035.65, 4036.63, 4035.17, 4033.84, 4034.13, 4033.79, 4032.84, 4034.51, 4035.22, 4035.52, 4242.40, 4240.08, 4240.78, 4242.34, 4242.68, 4242.92, 4244.01, 4244.64, 4243.75, 4243.93, 4242.98, 4240.86, 4241.86, 4242.30, 4242.93, 4244.67, 4379.25, 4379.59, 4379.39, 4377.50, 4377.09, 4378.26, 4377.18, 4377.40, 4378.51, 4378.82, 4378.80, 4379.97, 4378.81, 4379.73, 4380.15, 4379.05, 4380.19, 4331.62, 4330.40, 4331.89, 4332.92, 4332.42, 4332.92, 4333.61, 4333.58, 4334.18, 4335.20, 4335.07, 4333.25, 4333.18, 4333.12, 4333.46, 4333.72, 4328.11, 4340.14, 4339.10, 4338.90, 4339.98, 4341.36, 4340.65, 4338.94, 4340.07, 4340.29, 4468.24, 4466.82, 4466.68, 4465.64, 4466.73, 4466.19, 4466.93, 4467.40, 4467.13, 4466.31, 4466.94, 4466.40, 4465.81, 4466.30, 4466.00, 4465.35, 4466.52, 4466.14, 4619.93, 4620.85, 4620.99, 4620.14, 4621.40, 4620.72, 4620.44, 4599.46, 4599.46, 4598.71, 4600.20, 4600.30, 4579.42, 4578.94, 4578.76, 4568.74, 4569.63, 4569.73, 4569.62, 4571.44, 4571.16, 4572.68, 4403.27, 4404.49, 4405.55, 4402.97, 4401.62, 4402.24, 4403.69, 4403.25, 4403.14, 4404.31, 4401.23, 4402.02, 4287.14, 4287.94, 4288.47, 4289.44, 4286.65, 4285.72, 4287.44, 4288.95, 4290.59, 4291.12, 4285.87, 4286.30, 4287.46, 4288.54, 4289.08, 4289.91, 4290.62, 4289.54, 4289.66, 4290.09, 4291.18, 4342.20, 4340.85, 4341.73, 4342.44, 4343.29, 4342.49, 4339.71, 4340.78, 4340.57, 4341.36, 4340.54, 4341.98, 4336.77, 4336.25, 4337.73, 4337.83, 4290.44, 4289.05, 4289.00, 4288.20, 4288.98, 4290.46, 4251.42, 4251.96, 4252.76, 4253.66, 4255.09, 4264.67, 4262.98, 4264.50)
f_swingLow() => array.from<float>(4977.00, 4977.00, 4977.00, 4977.00, 4977.00, 4977.00, 4977.00, 4977.00, 4505.00, 4505.00, 4505.00, 4505.00, 4505.00, 4505.00, 4505.00, 4505.00, 4505.00, 4505.00, 4505.00, 4100.00, 4100.00, 4100.00, 4100.00, 4100.00, 4306.30, 4306.30, 4306.30, 4306.30, 4306.30, 4306.30, 4306.30, 4306.30, 4306.30, 4306.30, 4306.30, 4306.30, 4306.30, 4306.30, 4306.30, 4306.30, 4348.20, 4348.20, 4348.20, 4348.20, 4348.20, 4348.20, 4348.20, 4348.20, 4348.20, 4348.20, 4348.20, 4348.20, 4348.20, 4510.00, 4510.00, 4510.00, 4510.00, 4510.00, 4510.00, 4510.00, 4510.00, 4510.00, 4510.00, 4510.00, 4510.00, 4510.00, 4510.00, 4580.40, 4580.40, 4580.40, 4580.40, 4580.40, 4580.40, 4580.40, 4580.40, 4580.40, 4580.40, 4641.40, 4641.40, 4641.40, 4641.40, 4631.90, 4631.90, 4631.90, 4631.90, 4631.90, 4631.90, 4631.90, 4631.90, 4718.60, 4718.60, 4718.60, 4718.60, 4718.60, 4718.60, 4718.60, 4718.60, 4752.70, 4752.70, 4752.70, 4752.70, 4664.60, 4664.60, 4664.60, 4664.60, 4722.50, 4722.50, 4722.50, 4722.50, 4722.50, 4722.50, 4722.50, 4722.50, 4722.50, 4722.50, 4722.50, 4722.50, 4807.90, 4807.90, 4807.90, 4807.90, 4807.90, 4807.90, 4807.90, 4807.90, 4785.90, 4785.90, 4785.90, 4785.90, 4785.90, 4785.90, 4785.90, 4785.90, 4785.90, 4785.90, 4785.90, 4785.90, 4785.90, 4785.90, 4785.90, 4785.90, 4785.90, 4685.80, 4685.80, 4685.80, 4685.80, 4685.80, 4685.80, 4685.80, 4685.80, 4685.80, 4685.80, 4685.80, 4685.80, 4685.80, 4685.80, 4672.20, 4672.20, 4672.20, 4672.20, 4672.20, 4686.60, 4686.60, 4686.60, 4686.60, 4686.60, 4686.60, 4686.60, 4686.60, 4686.60, 4567.60, 4567.60, 4567.60, 4567.60, 4567.60, 4567.60, 4522.20, 4522.20, 4522.20, 4522.20, 4522.20, 4522.20, 4522.20, 4522.20, 4522.20, 4522.20, 4522.20, 4570.00, 4570.00, 4570.00, 4570.00, 4570.00, 4570.00, 4570.00, 4570.00, 4510.10, 4510.10, 4510.10, 4510.10, 4510.10, 4510.10, 4510.10, 4510.10, 4510.10, 4510.10, 4510.10, 4510.10, 4510.10, 4510.10, 4510.10, 4510.10, 4510.10, 4510.10, 4510.10, 4510.10, 4671.00, 4671.00, 4671.00, 4671.00, 4671.00, 4671.00, 4671.00, 4655.10, 4655.10, 4655.10, 4655.10, 4655.10, 4655.10, 4655.10, 4655.10, 4655.10, 4645.20, 4645.20, 4645.20, 4645.20, 4645.20, 4676.00, 4676.00, 4676.00, 4676.00, 4676.00, 4676.00, 4676.00, 4676.00, 4676.00, 4676.00, 4676.00, 4676.00, 4676.00, 4676.00, 4676.00, 4483.50, 4483.50, 4483.50, 4483.50, 4483.50, 4483.50, 4483.50, 4483.50, 4483.50, 4483.50, 4483.50, 4483.50, 4483.50, 4455.00, 4455.00, 4455.00, 4455.00, 4455.00, 4455.00, 4455.00, 4455.00, 4488.30, 4488.30, 4488.30, 4488.30, 4488.30, 4488.30, 4488.30, 4488.30, 4488.30, 4488.30, 4488.30, 4488.30, 4488.30, 4488.30, 4488.30, 4488.30, 4488.30, 4431.00, 4431.00, 4431.00, 4431.00, 4395.60, 4395.60, 4395.60, 4395.60, 4395.60, 4395.60, 4395.60, 4395.60, 4395.60, 4395.60, 4395.60, 4395.60, 4395.60, 4395.60, 4395.60, 4476.00, 4476.00, 4476.00, 4476.00, 4476.00, 4476.00, 4476.00, 4476.00, 4476.00, 4476.00, 4476.00, 4476.00, 4476.00, 4476.00, 4450.10, 4450.10, 4450.10, 4450.10, 4450.10, 4450.10, 4450.10, 4450.10, 4450.10, 4450.10, 4450.10, 4450.10, 4450.10, 4293.00, 4293.00, 4293.00, 4293.00, 4293.00, 4293.00, 4293.00, 4293.00, 4293.00, 4293.00, 4293.00, 4293.00, 4293.00, 4293.00, 4293.00, 4293.00, 4293.00, 4046.20, 4046.20, 4046.20, 4046.20, 4072.80, 4072.80, 4072.80, 4072.80, 4072.80, 4072.80, 4072.80, 4072.80, 4072.80, 4072.80, 4072.80, 4072.80, 4072.80, 4072.80, 4326.70, 4326.70, 4326.70, 4326.70, 4326.70, 4326.70, 4326.70, 4326.70, 4326.70, 4326.70, 4326.70, 4237.40, 4237.40, 4237.40, 4237.40, 4237.40, 4237.40, 4237.40, 4237.40, 4237.40, 4151.40, 4151.40, 4151.40, 4151.40, 4151.40, 4151.40, 4151.40, 4151.40, 4108.20, 4108.20, 4108.20, 4108.20, 4108.20, 4108.20, 4108.20, 4108.20, 4108.20, 3975.70, 3975.70, 3975.70, 3975.70, 3975.70, 3975.70, 3975.70, 3975.70, 3998.10, 3998.10, 3998.10, 3998.10, 3998.10, 3998.10, 3998.10, 3998.10, 3998.10, 3998.10, 3998.10, 3955.40, 3955.40, 3955.40, 3955.40, 3955.40, 3955.40, 3955.40, 3955.40, 3973.00, 3973.00, 3973.00, 3973.00, 3973.00, 3973.00, 3973.00, 3973.00, 3973.00, 3973.00, 3973.00, 3973.00, 3973.00, 3973.00, 3973.00, 3973.00, 3973.00, 3973.00, 3973.00, 4127.70, 4127.70, 4127.70, 4127.70, 4127.70, 4127.70, 4127.70, 4127.70, 4127.70, 4032.50, 4032.50, 4032.50, 4032.50, 4032.50, 4032.50, 4032.50, 4032.50, 4032.50, 4032.50, 4032.50, 4032.50, 4032.50, 4032.50, 4032.50, 4032.50, 4032.50, 4032.50, 4032.50, 4032.50, 3990.40, 3990.40, 3990.40, 3990.40, 3990.40, 3990.40, 3990.40, 3990.40, 4023.30, 4023.30, 4023.30, 4023.30, 4023.30, 4023.30, 4023.30, 4023.30, 4023.30, 3973.40, 3973.40, 3973.40, 3973.40, 3963.00, 3963.00, 3963.00, 3963.00, 3963.00, 3963.00, 3963.00, 4001.60, 4001.60, 4001.60, 4001.60, 4001.60, 4001.60, 4001.60, 4001.60, 4001.60, 4001.60, 4001.60, 4001.60, 4001.60, 4001.60, 4001.60, 4001.60, 4001.60, 4001.60, 4001.60, 4001.60, 4001.60, 4024.00, 4024.00, 4024.00, 4024.00, 4024.00, 4024.00, 4024.00, 4024.00, 4024.00, 4024.00, 4024.00, 4024.00, 4024.00, 4024.00, 4024.00, 4024.00, 4024.00, 4009.30, 4009.30, 4009.30, 4009.30, 4009.30, 4009.30, 4009.30, 4009.30, 4009.30, 4009.30, 4009.30, 4009.30, 4009.30, 4009.30, 4009.30, 4009.30, 4076.40, 4076.40, 4076.40, 4076.40, 4076.40, 4074.00, 4074.00, 4074.00, 4074.00, 4074.00, 4074.00, 4074.00, 4074.00, 4074.00, 4074.00, 4074.00, 4074.00, 4074.00, 4074.00, 4074.00, 4074.00, 4074.00, 4074.00, 4074.00, 4281.20, 4281.20, 4281.20, 4281.20, 4281.20, 4281.20, 4281.20, 4281.20, 4281.20, 4281.20, 4281.20, 4281.20, 4281.20, 4281.20, 4281.20, 4281.20, 4415.70, 4415.70, 4415.70, 4415.70, 4415.70, 4415.70, 4415.70, 4415.70, 4415.70, 4415.70, 4415.70, 4415.70, 4415.70, 4415.70, 4415.70, 4415.70, 4415.70, 4365.50, 4365.50, 4365.50, 4365.50, 4365.50, 4365.50, 4365.50, 4365.50, 4365.50, 4365.50, 4365.50, 4365.50, 4365.50, 4365.50, 4365.50, 4365.50, 4365.50, 4378.00, 4378.00, 4378.00, 4378.00, 4378.00, 4378.00, 4378.00, 4378.00, 4378.00, 4506.00, 4506.00, 4506.00, 4506.00, 4506.00, 4506.00, 4506.00, 4506.00, 4506.00, 4506.00, 4506.00, 4506.00, 4506.00, 4506.00, 4506.00, 4506.00, 4506.00, 4506.00, 4659.50, 4659.50, 4659.50, 4659.50, 4659.50, 4659.50, 4659.50, 4638.20, 4638.20, 4638.20, 4638.20, 4638.20, 4616.00, 4616.00, 4616.00, 4616.00, 4616.00, 4616.00, 4616.00, 4616.00, 4616.00, 4616.00, 4445.60, 4445.60, 4445.60, 4445.60, 4445.60, 4445.60, 4445.60, 4445.60, 4445.60, 4445.60, 4445.60, 4445.60, 4329.20, 4329.20, 4329.20, 4329.20, 4329.20, 4329.20, 4329.20, 4329.20, 4329.20, 4329.20, 4329.20, 4329.20, 4329.20, 4329.20, 4329.20, 4329.20, 4329.20, 4329.20, 4329.20, 4329.20, 4329.20, 4381.00, 4381.00, 4381.00, 4381.00, 4381.00, 4381.00, 4381.00, 4381.00, 4381.00, 4381.00, 4381.00, 4381.00, 4381.00, 4381.00, 4381.00, 4381.00, 4333.00, 4333.00, 4333.00, 4333.00, 4333.00, 4333.00, 4293.00, 4293.00, 4293.00, 4293.00, 4293.00, 4301.60, 4301.60, 4301.60)
f_swingHigh() => array.from<float>(5049.40, 5049.40, 5049.40, 5049.40, 5049.40, 5049.40, 5049.40, 5049.40, 5049.40, 5049.40, 5049.40, 5049.40, 4738.20, 4738.20, 4738.20, 4738.20, 4738.20, 4738.20, 4738.20, 4738.20, 4738.20, 4516.50, 4516.50, 4516.50, 4516.50, 4516.50, 4516.50, 4516.50, 4516.50, 4516.50, 4601.00, 4601.00, 4601.00, 4601.00, 4601.00, 4601.00, 4601.00, 4601.00, 4601.00, 4601.00, 4601.00, 4601.00, 4601.00, 4601.00, 4601.00, 4585.30, 4585.30, 4585.30, 4585.30, 4585.30, 4585.30, 4585.30, 4585.30, 4649.50, 4649.50, 4649.50, 4649.50, 4649.50, 4649.50, 4649.50, 4649.50, 4649.50, 4649.50, 4649.50, 4649.50, 4825.90, 4825.90, 4825.90, 4825.90, 4825.90, 4825.90, 4825.90, 4825.90, 4825.90, 4825.90, 4825.90, 4825.90, 4825.90, 4825.90, 4825.90, 4825.90, 4825.90, 4825.90, 4888.00, 4888.00, 4888.00, 4888.00, 4888.00, 4888.00, 4888.00, 4888.00, 4888.00, 4888.00, 4826.00, 4826.00, 4826.00, 4826.00, 4826.00, 4826.00, 4820.00, 4820.00, 4820.00, 4820.00, 4820.00, 4820.00, 4820.00, 4820.00, 4820.00, 4820.00, 4820.00, 4820.00, 4820.00, 4820.00, 4895.40, 4895.40, 4895.40, 4895.40, 4895.40, 4895.40, 4895.40, 4861.30, 4861.30, 4861.30, 4861.30, 4861.30, 4861.30, 4861.30, 4861.30, 4917.70, 4917.70, 4917.70, 4917.70, 4917.70, 4917.70, 4917.70, 4917.70, 4917.70, 4917.70, 4917.70, 4917.70, 4917.70, 4917.70, 4917.70, 4917.70, 4917.70, 4790.80, 4790.80, 4790.80, 4790.80, 4790.80, 4790.80, 4790.80, 4790.80, 4790.80, 4790.80, 4790.80, 4790.80, 4790.80, 4790.80, 4757.10, 4757.10, 4757.10, 4757.10, 4757.10, 4757.10, 4757.10, 4757.10, 4757.10, 4757.10, 4757.10, 4757.10, 4757.10, 4757.10, 4757.10, 4757.10, 4757.10, 4757.10, 4757.10, 4757.10, 4757.10, 4757.10, 4757.10, 4658.80, 4658.80, 4658.80, 4658.80, 4658.80, 4658.80, 4658.80, 4673.00, 4673.00, 4673.00, 4673.00, 4673.00, 4673.00, 4673.00, 4673.00, 4673.00, 4673.00, 4673.00, 4673.00, 4673.00, 4673.00, 4673.00, 4673.00, 4673.00, 4734.60, 4734.60, 4734.60, 4734.60, 4734.60, 4734.60, 4734.60, 4775.20, 4775.20, 4775.20, 4775.20, 4775.20, 4775.20, 4760.40, 4760.40, 4760.40, 4760.40, 4760.40, 4760.40, 4760.40, 4760.40, 4783.40, 4783.40, 4783.40, 4783.40, 4783.40, 4783.40, 4734.80, 4734.80, 4734.80, 4734.80, 4734.80, 4734.80, 4734.80, 4734.80, 4725.80, 4725.80, 4725.80, 4725.80, 4725.80, 4725.80, 4725.80, 4725.80, 4725.80, 4725.80, 4725.80, 4725.80, 4725.80, 4725.80, 4725.80, 4725.80, 4593.20, 4593.20, 4593.20, 4593.20, 4593.20, 4593.20, 4593.20, 4593.20, 4593.20, 4593.20, 4593.20, 4593.20, 4572.40, 4572.40, 4572.40, 4572.40, 4572.40, 4572.40, 4572.40, 4572.40, 4572.40, 4572.40, 4572.40, 4572.40, 4572.40, 4572.40, 4572.40, 4572.40, 4572.40, 4572.40, 4572.40, 4529.50, 4529.50, 4529.50, 4529.50, 4529.50, 4529.50, 4529.50, 4529.50, 4529.50, 4529.50, 4529.50, 4529.50, 4529.50, 4529.50, 4627.10, 4627.10, 4627.10, 4627.10, 4627.10, 4627.10, 4627.10, 4627.10, 4627.10, 4627.10, 4571.30, 4571.30, 4571.30, 4571.30, 4571.30, 4571.30, 4571.30, 4571.30, 4571.30, 4571.30, 4571.30, 4571.30, 4571.30, 4543.20, 4543.20, 4543.20, 4543.20, 4543.20, 4543.20, 4543.20, 4543.20, 4543.20, 4543.20, 4543.20, 4543.20, 4543.20, 4543.20, 4543.20, 4543.20, 4543.20, 4543.20, 4388.60, 4388.60, 4388.60, 4388.60, 4388.60, 4388.60, 4388.60, 4388.60, 4388.60, 4388.60, 4388.60, 4388.60, 4388.60, 4388.60, 4388.60, 4267.80, 4267.80, 4267.80, 4267.80, 4267.80, 4267.80, 4267.80, 4267.80, 4267.80, 4267.80, 4391.50, 4391.50, 4391.50, 4391.50, 4391.50, 4376.50, 4376.50, 4376.50, 4376.50, 4376.50, 4376.50, 4376.50, 4403.60, 4403.60, 4403.60, 4403.60, 4403.60, 4403.60, 4403.60, 4403.60, 4403.60, 4403.60, 4403.60, 4403.60, 4403.60, 4403.60, 4403.60, 4403.60, 4403.60, 4403.60, 4403.60, 4403.60, 4403.60, 4403.60, 4403.60, 4403.60, 4403.60, 4403.60, 4403.60, 4403.60, 4403.60, 4403.60, 4403.60, 4403.60, 4060.00, 4060.00, 4060.00, 4060.00, 4060.00, 4060.00, 4111.50, 4111.50, 4111.50, 4111.50, 4111.50, 4111.50, 4111.50, 4111.50, 4111.50, 4111.50, 4111.50, 4111.50, 4078.10, 4078.10, 4078.10, 4078.10, 4078.10, 4078.10, 4131.00, 4131.00, 4131.00, 4131.00, 4131.00, 4131.00, 4131.00, 4131.00, 4131.00, 4131.00, 4215.50, 4215.50, 4215.50, 4215.50, 4215.50, 4215.50, 4215.50, 4215.50, 4215.50, 4192.40, 4192.40, 4192.40, 4192.40, 4192.40, 4192.40, 4192.40, 4192.40, 4192.40, 4192.40, 4192.40, 4192.40, 4192.40, 4148.40, 4148.40, 4148.40, 4148.40, 4148.40, 4148.40, 4148.40, 4148.40, 4148.40, 4148.40, 4148.40, 4148.40, 4148.40, 4148.40, 4148.40, 4148.40, 4148.40, 4112.50, 4112.50, 4112.50, 4112.50, 4112.50, 4112.50, 4112.50, 4112.50, 4089.10, 4089.10, 4089.10, 4089.10, 4089.10, 4089.10, 4089.10, 4089.10, 4089.10, 4089.10, 4089.10, 4089.10, 4089.10, 4089.10, 4089.10, 4089.10, 4046.00, 4046.00, 4046.00, 4046.00, 4046.00, 4046.00, 4046.00, 4046.00, 4046.00, 4046.00, 4046.00, 4046.00, 4046.00, 4171.40, 4171.40, 4171.40, 4171.40, 4171.40, 4171.40, 4171.40, 4171.40, 4171.40, 4171.40, 4171.40, 4171.40, 4171.40, 4171.40, 4119.30, 4119.30, 4119.30, 4119.30, 4119.30, 4119.30, 4119.30, 4119.30, 4119.30, 4119.30, 4119.30, 4119.30, 4119.30, 4119.30, 4119.30, 4119.30, 4119.30, 4176.80, 4176.80, 4176.80, 4176.80, 4176.80, 4180.20, 4180.20, 4180.20, 4180.20, 4180.20, 4180.20, 4180.20, 4180.20, 4135.80, 4135.80, 4135.80, 4135.80, 4135.80, 4135.80, 4135.80, 4135.80, 4135.80, 4135.80, 4135.80, 4135.80, 4135.80, 4135.80, 4135.80, 4135.80, 4135.80, 4135.80, 4135.80, 4363.70, 4363.70, 4363.70, 4363.70, 4363.70, 4363.70, 4363.70, 4363.70, 4432.30, 4432.30, 4432.30, 4432.30, 4432.30, 4432.30, 4432.30, 4432.30, 4432.30, 4432.30, 4495.00, 4495.00, 4495.00, 4495.00, 4495.00, 4495.00, 4495.00, 4495.00, 4495.00, 4495.00, 4495.00, 4509.10, 4509.10, 4509.10, 4509.10, 4509.10, 4509.10, 4509.10, 4509.10, 4509.10, 4509.10, 4509.10, 4509.10, 4473.20, 4473.20, 4473.20, 4473.20, 4473.20, 4473.20, 4493.10, 4493.10, 4493.10, 4493.10, 4493.10, 4493.10, 4493.10, 4493.10, 4493.10, 4493.10, 4493.10, 4493.10, 4583.80, 4583.80, 4583.80, 4583.80, 4583.80, 4583.80, 4583.80, 4583.80, 4583.80, 4583.80, 4583.80, 4583.80, 4583.80, 4583.80, 4583.80, 4583.80, 4583.80, 4583.80, 4755.00, 4755.00, 4755.00, 4755.00, 4755.00, 4755.00, 4730.90, 4730.90, 4730.90, 4730.90, 4730.90, 4730.90, 4730.90, 4697.70, 4697.70, 4697.70, 4697.70, 4672.40, 4672.40, 4672.40, 4672.40, 4672.40, 4688.00, 4688.00, 4688.00, 4688.00, 4688.00, 4688.00, 4688.00, 4688.00, 4688.00, 4688.00, 4688.00, 4688.00, 4688.00, 4688.00, 4688.00, 4688.00, 4688.00, 4688.00, 4688.00, 4688.00, 4688.00, 4688.00, 4688.00, 4688.00, 4558.50, 4558.50, 4558.50, 4558.50, 4537.80, 4537.80, 4537.80, 4537.80, 4537.80, 4537.80, 4537.80, 4537.80, 4537.80, 4537.80, 4537.80, 4537.80, 4479.00, 4479.00, 4479.00, 4479.00, 4479.00, 4479.90, 4479.90, 4479.90, 4479.90, 4479.90, 4479.90, 4479.90, 4479.90, 4479.90, 4479.90, 4479.90, 4479.90, 4479.90, 4479.90, 4479.90, 4479.90, 4479.90, 4479.90, 4479.90, 4479.90, 4479.90)
f_donHigh() => array.from<float>(5128.50, 5114.10, 5056.00, 5049.40, 5049.40, 5049.40, 5049.40, 5049.40, 5049.40, 5049.40, 5049.40, 5036.70, 5036.70, 5026.50, 5022.00, 5022.00, 5020.50, 5020.50, 4996.40, 4904.50, 4904.50, 4868.70, 4867.40, 4844.20, 4738.20, 4738.20, 4738.20, 4738.20, 4738.20, 4736.30, 4696.90, 4623.20, 4601.00, 4601.00, 4601.00, 4601.00, 4601.00, 4601.00, 4601.00, 4601.00, 4601.00, 4601.00, 4601.00, 4601.00, 4601.00, 4601.00, 4601.00, 4611.40, 4611.40, 4611.40, 4649.50, 4649.50, 4649.50, 4649.50, 4698.50, 4717.60, 4751.90, 4751.90, 4774.20, 4791.50, 4821.00, 4821.00, 4825.90, 4825.90, 4825.90, 4825.90, 4825.90, 4825.90, 4825.90, 4825.90, 4825.90, 4825.90, 4825.90, 4825.90, 4825.90, 4825.90, 4825.90, 4825.90, 4825.90, 4825.90, 4888.00, 4888.00, 4888.00, 4888.00, 4888.00, 4888.00, 4888.00, 4888.00, 4888.00, 4888.00, 4888.00, 4888.00, 4888.00, 4888.00, 4888.00, 4888.00, 4888.00, 4888.00, 4888.00, 4888.00, 4872.20, 4866.80, 4834.80, 4826.00, 4826.00, 4826.00, 4826.00, 4828.90, 4867.70, 4870.30, 4895.40, 4895.40, 4895.40, 4895.40, 4895.40, 4895.40, 4895.40, 4895.40, 4895.40, 4895.40, 4895.40, 4895.40, 4895.40, 4895.40, 4895.40, 4917.70, 4917.70, 4917.70, 4917.70, 4917.70, 4917.70, 4917.70, 4917.70, 4917.70, 4917.70, 4917.70, 4917.70, 4917.70, 4917.70, 4917.70, 4917.70, 4917.70, 4917.70, 4917.70, 4917.70, 4908.90, 4890.10, 4879.60, 4879.60, 4879.60, 4879.60, 4854.80, 4854.80, 4854.80, 4830.20, 4828.80, 4818.00, 4801.90, 4790.80, 4790.80, 4790.80, 4790.80, 4779.60, 4776.30, 4771.30, 4771.30, 4761.70, 4761.70, 4761.70, 4758.20, 4757.10, 4757.10, 4757.10, 4757.10, 4757.10, 4757.10, 4745.80, 4745.80, 4745.80, 4733.50, 4728.00, 4716.50, 4716.50, 4716.50, 4694.00, 4658.80, 4673.00, 4673.00, 4673.00, 4673.00, 4673.00, 4673.00, 4673.00, 4673.00, 4673.00, 4673.00, 4673.00, 4673.00, 4673.00, 4673.00, 4673.00, 4674.80, 4720.20, 4734.60, 4734.60, 4734.60, 4734.60, 4734.60, 4763.60, 4768.50, 4775.20, 4775.20, 4775.20, 4775.20, 4775.20, 4775.20, 4775.20, 4775.20, 4775.20, 4775.20, 4775.20, 4775.20, 4775.20, 4775.20, 4783.40, 4783.40, 4783.40, 4783.40, 4783.40, 4783.40, 4783.40, 4783.40, 4783.40, 4783.40, 4783.40, 4783.40, 4783.40, 4783.40, 4783.40, 4783.40, 4783.40, 4783.40, 4783.40, 4783.40, 4743.40, 4734.80, 4734.80, 4734.80, 4734.80, 4734.80, 4725.80, 4725.80, 4725.80, 4725.80, 4725.80, 4725.80, 4725.80, 4725.80, 4716.90, 4707.30, 4684.50, 4670.10, 4627.40, 4593.80, 4593.20, 4593.20, 4593.20, 4593.20, 4593.20, 4593.20, 4593.20, 4593.20, 4593.20, 4593.20, 4572.40, 4572.40, 4572.40, 4572.40, 4572.40, 4572.40, 4572.40, 4572.40, 4572.40, 4572.40, 4572.40, 4572.40, 4566.80, 4561.20, 4561.20, 4561.20, 4557.80, 4547.00, 4540.90, 4545.40, 4547.10, 4551.20, 4551.20, 4571.20, 4574.40, 4627.10, 4627.10, 4627.10, 4627.10, 4627.10, 4627.10, 4627.10, 4627.10, 4627.10, 4627.10, 4627.10, 4627.10, 4627.10, 4627.10, 4627.10, 4627.10, 4627.10, 4627.10, 4627.10, 4627.10, 4593.00, 4577.30, 4571.30, 4571.30, 4571.30, 4571.30, 4571.30, 4571.30, 4571.30, 4571.30, 4564.20, 4543.20, 4543.20, 4543.20, 4543.20, 4543.20, 4543.20, 4543.20, 4543.20, 4543.20, 4543.20, 4543.20, 4543.20, 4528.00, 4511.30, 4508.70, 4502.80, 4502.80, 4502.80, 4404.20, 4388.60, 4388.60, 4388.60, 4388.60, 4388.60, 4388.60, 4388.60, 4388.60, 4388.60, 4388.60, 4388.60, 4360.30, 4340.70, 4356.80, 4366.10, 4390.80, 4391.50, 4391.50, 4391.50, 4391.50, 4391.50, 4391.50, 4391.50, 4391.50, 4391.50, 4391.50, 4391.50, 4391.50, 4403.60, 4403.60, 4403.60, 4403.60, 4403.60, 4403.60, 4403.60, 4403.60, 4403.60, 4403.60, 4403.60, 4403.60, 4403.60, 4403.60, 4403.60, 4403.60, 4403.60, 4403.60, 4403.60, 4403.60, 4399.60, 4350.20, 4350.20, 4330.30, 4296.20, 4277.30, 4252.10, 4238.10, 4238.10, 4238.10, 4233.70, 4233.70, 4233.70, 4229.50, 4216.00, 4216.00, 4181.30, 4163.50, 4163.50, 4163.50, 4148.80, 4132.40, 4114.70, 4114.70, 4111.50, 4111.50, 4111.50, 4111.50, 4111.50, 4111.50, 4111.50, 4111.50, 4111.50, 4111.50, 4111.50, 4122.60, 4131.00, 4131.00, 4131.00, 4131.00, 4131.00, 4157.10, 4157.10, 4157.10, 4208.30, 4208.30, 4215.50, 4215.50, 4215.50, 4215.50, 4215.50, 4215.50, 4215.50, 4215.50, 4215.50, 4215.50, 4215.50, 4215.50, 4215.50, 4215.50, 4215.50, 4215.50, 4215.50, 4215.50, 4215.50, 4215.50, 4200.10, 4192.40, 4192.40, 4192.40, 4192.40, 4192.40, 4192.40, 4192.40, 4192.40, 4175.10, 4156.50, 4148.40, 4148.40, 4148.40, 4148.40, 4148.40, 4148.40, 4148.40, 4148.40, 4148.40, 4148.40, 4148.40, 4146.50, 4144.60, 4144.60, 4129.00, 4129.00, 4129.00, 4129.00, 4112.50, 4112.50, 4112.50, 4112.50, 4112.50, 4112.50, 4112.50, 4112.50, 4112.50, 4112.50, 4108.70, 4089.10, 4089.10, 4089.10, 4089.10, 4089.10, 4089.10, 4089.10, 4072.80, 4088.40, 4088.40, 4088.40, 4092.50, 4128.40, 4146.00, 4146.00, 4161.50, 4171.40, 4171.40, 4171.40, 4171.40, 4171.40, 4171.40, 4171.40, 4171.40, 4171.40, 4171.40, 4171.40, 4171.40, 4171.40, 4171.40, 4171.40, 4171.40, 4171.40, 4171.40, 4171.40, 4171.40, 4148.40, 4144.00, 4135.60, 4131.00, 4119.30, 4119.30, 4119.30, 4119.30, 4119.30, 4119.30, 4119.30, 4176.80, 4176.80, 4176.80, 4176.80, 4176.80, 4180.20, 4180.20, 4180.20, 4180.20, 4180.20, 4180.20, 4180.20, 4180.20, 4180.20, 4180.20, 4180.20, 4180.20, 4180.20, 4180.20, 4180.20, 4180.20, 4180.20, 4180.20, 4180.20, 4180.20, 4176.70, 4233.00, 4238.50, 4273.60, 4325.50, 4328.20, 4362.70, 4363.70, 4363.70, 4363.70, 4363.70, 4363.70, 4363.70, 4363.70, 4380.10, 4432.30, 4432.30, 4432.30, 4432.30, 4432.30, 4432.30, 4432.30, 4432.30, 4453.80, 4493.70, 4495.00, 4495.00, 4495.00, 4495.00, 4495.00, 4495.00, 4495.00, 4495.00, 4502.70, 4502.70, 4502.70, 4509.10, 4509.10, 4509.10, 4509.10, 4509.10, 4509.10, 4509.10, 4509.10, 4509.10, 4509.10, 4509.10, 4509.10, 4509.10, 4509.10, 4509.10, 4509.10, 4509.10, 4509.10, 4509.10, 4509.10, 4493.10, 4493.10, 4493.10, 4493.10, 4493.10, 4493.10, 4493.10, 4524.00, 4557.60, 4582.80, 4583.80, 4583.80, 4583.80, 4583.80, 4597.10, 4597.10, 4600.30, 4612.40, 4659.40, 4661.70, 4690.40, 4690.40, 4698.60, 4713.80, 4716.70, 4738.50, 4738.50, 4738.50, 4755.00, 4755.00, 4755.00, 4755.00, 4755.00, 4755.00, 4755.00, 4755.00, 4755.00, 4755.00, 4755.00, 4755.00, 4755.00, 4755.00, 4755.00, 4755.00, 4755.00, 4755.00, 4755.00, 4755.00, 4730.90, 4730.90, 4730.90, 4730.90, 4730.90, 4730.90, 4728.00, 4698.00, 4697.70, 4697.70, 4697.70, 4697.70, 4697.70, 4688.00, 4688.00, 4688.00, 4688.00, 4688.00, 4688.00, 4688.00, 4688.00, 4688.00, 4529.90, 4521.50, 4514.90, 4543.70, 4558.50, 4558.50, 4558.50, 4558.50, 4558.50, 4558.50, 4558.50, 4558.50, 4558.50, 4558.50, 4558.50, 4558.50, 4558.50, 4558.50, 4558.50, 4558.50, 4558.50, 4558.50, 4558.50, 4558.50, 4537.80, 4537.80, 4537.80, 4537.80, 4523.50, 4496.20, 4485.60, 4479.90, 4479.90, 4479.90, 4479.90, 4479.90, 4479.90, 4479.90, 4479.90, 4479.90, 4479.90, 4479.90, 4479.90, 4479.90, 4479.90, 4444.90, 4444.90, 4444.90, 4444.90)
f_donLow() => array.from<float>(4837.10, 4809.30, 4806.00, 4806.00, 4688.00, 4505.00, 4505.00, 4505.00, 4505.00, 4505.00, 4505.00, 4505.00, 4505.00, 4478.40, 4322.00, 4305.50, 4100.00, 4100.00, 4100.00, 4100.00, 4100.00, 4100.00, 4100.00, 4100.00, 4100.00, 4100.00, 4100.00, 4100.00, 4100.00, 4100.00, 4100.00, 4100.00, 4100.00, 4100.00, 4100.00, 4100.00, 4241.80, 4306.30, 4306.30, 4306.30, 4306.30, 4345.50, 4348.20, 4348.20, 4348.20, 4348.20, 4348.20, 4348.20, 4348.20, 4348.20, 4348.20, 4348.20, 4348.20, 4348.20, 4348.20, 4348.20, 4348.20, 4369.10, 4413.40, 4432.20, 4432.20, 4444.70, 4444.70, 4444.70, 4487.80, 4510.00, 4510.00, 4510.00, 4510.00, 4510.00, 4558.90, 4558.90, 4558.90, 4580.40, 4580.40, 4580.40, 4580.40, 4580.40, 4580.40, 4580.40, 4580.40, 4580.40, 4580.40, 4580.40, 4605.50, 4631.90, 4631.90, 4631.90, 4631.90, 4631.90, 4631.90, 4631.90, 4631.90, 4631.90, 4631.90, 4631.90, 4631.90, 4631.90, 4664.60, 4664.60, 4664.60, 4664.60, 4664.60, 4664.60, 4664.60, 4664.60, 4664.60, 4664.60, 4664.60, 4664.60, 4664.60, 4664.60, 4664.60, 4664.60, 4664.60, 4664.60, 4664.60, 4664.60, 4722.50, 4722.50, 4722.50, 4722.50, 4746.10, 4767.60, 4773.30, 4773.30, 4773.30, 4785.90, 4752.00, 4752.00, 4752.00, 4752.00, 4752.00, 4752.00, 4752.00, 4752.00, 4752.00, 4752.00, 4715.00, 4685.80, 4685.80, 4685.80, 4685.80, 4685.80, 4685.80, 4685.80, 4685.80, 4685.80, 4685.80, 4685.80, 4680.10, 4680.10, 4680.10, 4672.20, 4672.20, 4672.20, 4672.20, 4672.20, 4672.20, 4672.20, 4672.20, 4672.20, 4672.20, 4672.20, 4672.20, 4638.00, 4617.70, 4567.60, 4567.60, 4567.60, 4567.60, 4567.60, 4564.50, 4522.20, 4522.20, 4522.20, 4522.20, 4522.20, 4522.20, 4522.20, 4522.20, 4522.20, 4522.20, 4522.20, 4522.20, 4522.20, 4522.20, 4522.20, 4522.20, 4522.20, 4522.20, 4522.20, 4510.10, 4510.10, 4510.10, 4510.10, 4510.10, 4510.10, 4510.10, 4510.10, 4510.10, 4510.10, 4510.10, 4510.10, 4510.10, 4510.10, 4510.10, 4510.10, 4510.10, 4510.10, 4510.10, 4510.10, 4519.70, 4522.70, 4537.00, 4543.20, 4550.00, 4556.10, 4556.10, 4556.10, 4635.80, 4655.10, 4655.10, 4655.10, 4655.10, 4655.10, 4655.10, 4655.10, 4645.20, 4645.20, 4645.20, 4645.20, 4645.20, 4645.20, 4645.20, 4645.20, 4645.20, 4645.20, 4645.20, 4645.20, 4645.20, 4645.20, 4611.00, 4560.10, 4535.40, 4513.80, 4513.80, 4513.80, 4483.50, 4483.50, 4483.50, 4483.50, 4483.50, 4483.50, 4483.50, 4483.50, 4483.50, 4467.10, 4467.10, 4467.10, 4458.00, 4455.00, 4455.00, 4455.00, 4455.00, 4455.00, 4455.00, 4455.00, 4455.00, 4455.00, 4455.00, 4455.00, 4455.00, 4455.00, 4455.00, 4455.00, 4455.00, 4455.00, 4455.00, 4455.00, 4455.00, 4463.60, 4469.10, 4469.10, 4480.00, 4478.50, 4431.00, 4431.00, 4431.00, 4431.00, 4395.60, 4395.60, 4395.60, 4395.60, 4395.60, 4395.60, 4395.60, 4395.60, 4395.60, 4395.60, 4395.60, 4395.60, 4395.60, 4395.60, 4395.60, 4395.60, 4395.60, 4395.60, 4395.60, 4395.60, 4403.80, 4405.50, 4450.60, 4476.00, 4476.00, 4467.20, 4454.00, 4454.00, 4454.00, 4450.10, 4450.10, 4450.10, 4450.10, 4450.10, 4450.10, 4450.10, 4450.10, 4450.10, 4390.00, 4347.50, 4336.60, 4323.60, 4293.00, 4293.00, 4293.00, 4293.00, 4293.00, 4293.00, 4293.00, 4293.00, 4293.00, 4259.90, 4259.90, 4207.20, 4194.20, 4184.00, 4152.00, 4123.50, 4090.10, 4046.20, 4046.20, 4046.20, 4046.20, 4046.20, 4046.20, 4046.20, 4046.20, 4046.20, 4046.20, 4046.20, 4046.20, 4046.20, 4046.20, 4046.20, 4046.20, 4046.20, 4046.20, 4046.20, 4046.20, 4072.80, 4072.80, 4072.80, 4072.80, 4152.00, 4191.10, 4191.10, 4191.10, 4197.50, 4197.50, 4223.20, 4237.40, 4237.40, 4237.40, 4233.00, 4220.30, 4201.20, 4162.70, 4151.40, 4151.40, 4151.40, 4151.40, 4151.40, 4151.40, 4151.40, 4132.20, 4108.20, 4108.20, 4108.20, 4108.20, 4086.00, 4067.00, 4067.00, 3980.30, 3980.30, 3975.70, 3975.70, 3975.70, 3975.70, 3975.70, 3975.70, 3975.70, 3975.70, 3975.70, 3975.70, 3975.70, 3975.70, 3975.70, 3975.70, 3975.70, 3975.70, 3975.70, 3975.70, 3975.70, 3955.40, 3955.40, 3955.40, 3955.40, 3955.40, 3955.40, 3955.40, 3955.40, 3955.40, 3955.40, 3955.40, 3955.40, 3955.40, 3955.40, 3955.40, 3955.40, 3955.40, 3955.40, 3955.40, 3955.40, 3965.50, 3973.00, 3973.00, 3973.00, 3973.00, 3973.00, 3973.00, 3973.00, 3994.60, 4042.10, 4042.10, 4042.80, 4053.30, 4069.70, 4051.60, 4050.00, 4032.50, 4032.50, 4032.50, 4032.50, 4032.50, 4032.50, 4032.50, 4032.50, 4032.50, 4032.50, 4032.50, 4032.50, 4032.50, 4032.50, 4032.50, 4032.50, 4032.50, 4032.50, 3992.90, 3992.90, 3990.40, 3990.40, 3990.40, 3990.40, 3990.40, 3990.40, 3990.40, 3990.40, 3990.40, 3990.40, 3990.40, 3990.40, 3990.40, 3990.40, 3990.40, 3977.10, 3977.10, 3973.40, 3973.40, 3973.40, 3973.40, 3963.00, 3963.00, 3963.00, 3963.00, 3963.00, 3963.00, 3963.00, 3963.00, 3963.00, 3963.00, 3963.00, 3963.00, 3963.00, 3963.00, 3963.00, 3963.00, 3963.00, 3963.00, 3963.00, 3963.00, 3986.50, 3986.50, 3986.50, 4001.60, 4001.60, 4001.60, 4001.60, 4003.30, 4003.30, 4024.00, 4024.00, 4024.00, 4024.00, 4024.00, 4024.00, 4024.00, 4024.00, 4024.00, 4024.00, 4024.00, 4024.00, 4018.10, 4016.50, 4011.10, 4011.10, 4009.30, 4009.30, 4009.30, 4009.30, 4009.30, 4009.30, 4009.30, 4009.30, 4009.30, 4009.30, 4009.30, 4009.30, 4009.30, 4009.30, 4009.30, 4009.30, 4009.30, 4009.30, 4009.30, 4009.30, 4019.30, 4032.20, 4053.90, 4053.90, 4074.00, 4074.00, 4074.00, 4074.00, 4074.00, 4074.00, 4074.00, 4074.00, 4074.00, 4074.00, 4074.00, 4074.00, 4074.00, 4074.00, 4074.00, 4074.00, 4074.00, 4081.60, 4085.40, 4098.20, 4101.40, 4101.40, 4101.40, 4121.60, 4121.60, 4121.60, 4151.80, 4209.10, 4209.10, 4263.10, 4281.20, 4281.20, 4281.20, 4281.20, 4281.20, 4281.20, 4288.00, 4288.00, 4305.40, 4337.10, 4361.00, 4373.90, 4373.90, 4373.90, 4375.00, 4375.00, 4375.00, 4376.20, 4367.50, 4365.50, 4365.50, 4365.50, 4365.50, 4365.50, 4365.50, 4365.50, 4365.50, 4365.50, 4365.50, 4365.50, 4365.50, 4365.50, 4365.50, 4365.50, 4365.50, 4365.50, 4365.50, 4365.50, 4365.50, 4378.00, 4378.00, 4378.00, 4378.00, 4378.00, 4378.00, 4378.00, 4378.00, 4378.00, 4378.00, 4378.00, 4378.00, 4378.00, 4378.00, 4378.00, 4378.00, 4378.00, 4388.20, 4388.70, 4413.80, 4506.00, 4506.00, 4506.00, 4506.00, 4506.00, 4506.00, 4535.80, 4564.70, 4565.50, 4574.00, 4601.80, 4620.50, 4636.50, 4638.20, 4638.20, 4631.00, 4616.00, 4616.00, 4616.00, 4616.00, 4616.00, 4616.00, 4616.00, 4510.50, 4495.00, 4485.00, 4445.60, 4445.60, 4445.60, 4445.60, 4445.60, 4445.60, 4445.60, 4413.00, 4374.10, 4374.10, 4369.70, 4333.90, 4329.20, 4329.20, 4329.20, 4329.20, 4329.20, 4329.20, 4329.20, 4329.20, 4329.20, 4329.20, 4329.20, 4329.20, 4329.20, 4329.20, 4329.20, 4329.20, 4329.20, 4329.20, 4329.20, 4329.20, 4349.10, 4349.10, 4381.00, 4381.00, 4381.00, 4381.00, 4381.00, 4381.00, 4381.00, 4381.00, 4381.00, 4365.40, 4365.40, 4354.70, 4351.30, 4341.40, 4341.40, 4333.00, 4333.00, 4333.00, 4333.00, 4333.00, 4317.30, 4293.00, 4293.00, 4293.00, 4293.00, 4293.00, 4293.00, 4293.00, 4293.00, 4293.00, 4293.00, 4293.00)
f_sigLong() => array.from<int>(0, 0, 0, 0, 0, 0, 0, 0, 0, 0, 0, 0, 0, 0, 0, 0, 0, 0, 0, 0, 0, 0, 0, 0, 0, 0, 0, 0, 0, 0, 0, 0, 0, 0, 0, 0, 0, 0, 0, 0, 0, 0, 0, 0, 0, 0, 0, 0, 0, 0, 0, 0, 0, 0, 0, 0, 0, 0, 0, 0, 0, 0, 0, 0, 0, 0, 0, 0, 0, 0, 0, 0, 0, 0, 0, 0, 0, 0, 0, 0, 0, 0, 0, 0, 0, 0, 0, 0, 0, 0, 0, 0, 0, 0, 0, 0, 0, 0, 0, 0, 0, 0, 0, 0, 0, 0, 0, 0, 0, 0, 0, 0, 0, 0, 0, 0, 0, 0, 0, 0, 0, 0, 0, 0, 1, 0, 0, 0, 0, 0, 0, 0, 0, 0, 0, 0, 0, 0, 0, 0, 0, 0, 0, 0, 0, 0, 0, 0, 0, 0, 0, 0, 0, 0, 0, 0, 0, 0, 0, 0, 0, 0, 0, 0, 0, 0, 0, 0, 0, 0, 0, 0, 0, 0, 0, 0, 0, 0, 0, 0, 0, 0, 0, 0, 0, 0, 0, 0, 0, 0, 0, 0, 0, 0, 0, 0, 0, 0, 0, 0, 0, 0, 0, 0, 0, 0, 0, 0, 0, 0, 0, 0, 0, 0, 0, 0, 0, 0, 0, 0, 0, 0, 0, 0, 0, 0, 0, 0, 0, 0, 0, 0, 0, 0, 0, 0, 0, 0, 0, 0, 0, 0, 0, 0, 0, 0, 0, 0, 0, 0, 0, 0, 0, 0, 0, 0, 0, 0, 0, 0, 0, 0, 0, 0, 0, 0, 0, 0, 0, 0, 0, 0, 0, 0, 0, 0, 0, 0, 0, 0, 0, 0, 0, 0, 0, 0, 0, 0, 0, 0, 0, 0, 0, 0, 0, 0, 0, 0, 0, 0, 0, 0, 0, 0, 0, 0, 0, 0, 0, 0, 0, 0, 0, 0, 0, 0, 0, 0, 0, 0, 0, 0, 0, 0, 0, 0, 0, 0, 0, 0, 0, 0, 0, 0, 0, 0, 0, 0, 0, 0, 0, 0, 0, 0, 0, 0, 0, 0, 0, 0, 0, 0, 0, 0, 0, 0, 0, 0, 0, 0, 0, 0, 0, 0, 0, 0, 0, 0, 0, 0, 0, 0, 0, 0, 0, 0, 0, 0, 0, 0, 0, 0, 0, 0, 0, 0, 0, 0, 0, 0, 0, 0, 0, 0, 0, 0, 0, 0, 0, 0, 0, 0, 0, 0, 0, 0, 0, 0, 0, 0, 0, 0, 0, 0, 0, 0, 0, 0, 0, 0, 0, 0, 0, 0, 0, 0, 0, 0, 0, 0, 0, 0, 0, 0, 0, 0, 0, 0, 0, 0, 0, 0, 0, 0, 0, 0, 0, 0, 0, 0, 0, 0, 0, 0, 0, 0, 0, 0, 0, 0, 0, 0, 0, 0, 0, 0, 0, 0, 0, 0, 0, 0, 0, 0, 0, 0, 0, 0, 0, 0, 0, 0, 0, 0, 0, 0, 0, 0, 0, 0, 0, 0, 0, 0, 0, 0, 0, 0, 0, 0, 0, 0, 0, 0, 0, 0, 0, 0, 0, 0, 0, 0, 0, 0, 0, 0, 0, 0, 0, 0, 0, 0, 0, 0, 0, 0, 0, 0, 0, 0, 0, 0, 0, 0, 0, 0, 0, 0, 0, 0, 0, 0, 0, 0, 0, 0, 0, 0, 0, 0, 0, 0, 0, 0, 0, 0, 0, 0, 0, 0, 0, 0, 0, 0, 0, 0, 0, 0, 0, 0, 0, 0, 0, 0, 0, 0, 0, 0, 0, 0, 1, 0, 0, 0, 0, 0, 0, 0, 0, 0, 0, 0, 0, 0, 0, 0, 0, 0, 0, 0, 0, 0, 0, 0, 0, 0, 0, 0, 0, 0, 0, 0, 0, 0, 0, 0, 0, 0, 0, 0, 0, 0, 0, 0, 0, 0, 0, 0, 0, 0, 0, 0, 0, 0, 0, 0, 0, 0, 0, 0, 0, 0, 0, 0, 0, 0, 0, 0, 0, 0, 0, 0, 0, 0, 0, 0, 0, 0, 0, 0, 0, 0, 0, 0, 0, 0, 0, 0, 0, 0, 0, 0, 0, 0, 0, 0, 0, 0, 0, 0, 0, 0, 0, 0, 0, 0, 0, 0, 0, 0, 0, 0, 0, 0, 0, 0, 0, 0, 0, 0, 0, 0, 0, 1, 0, 0, 0, 0, 0, 0, 0, 0, 0, 0, 0, 0, 0, 0, 0, 0, 0, 0, 0, 0, 0, 0, 0, 0, 0, 0, 0, 0, 0, 0, 0, 0, 0, 0, 0, 0, 0, 0, 0, 0, 0, 0, 0, 0, 0, 0)
f_sigShort() => array.from<int>(0, 0, 0, 0, 0, 0, 0, 0, 0, 0, 0, 0, 0, 0, 0, 0, 0, 0, 0, 0, 0, 0, 0, 0, 0, 0, 0, 0, 0, 0, 0, 0, 0, 0, 0, 0, 0, 0, 0, 0, 0, 0, 0, 0, 0, 0, 0, 0, 0, 0, 0, 0, 0, 0, 0, 0, 0, 0, 0, 0, 0, 0, 0, 0, 0, 0, 0, 0, 0, 0, 0, 0, 0, 0, 0, 0, 0, 0, 0, 0, 0, 0, 0, 0, 0, 0, 0, 0, 0, 0, 0, 0, 0, 0, 0, 0, 0, 0, 0, 0, 0, 0, 0, 0, 0, 0, 0, 0, 0, 0, 0, 0, 0, 0, 0, 0, 0, 0, 0, 0, 0, 0, 0, 0, 0, 0, 0, 0, 0, 0, 0, 0, 0, 0, 0, 0, 0, 0, 0, 0, 0, 0, 0, 0, 0, 0, 0, 0, 0, 0, 0, 0, 0, 0, 0, 0, 0, 0, 0, 0, 0, 0, 0, 0, 1, 0, 0, 0, 0, 0, 0, 0, 0, 0, 0, 0, 0, 0, 0, 0, 0, 0, 0, 0, 0, 0, 0, 0, 0, 0, 0, 0, 0, 0, 0, 0, 0, 0, 0, 0, 0, 0, 0, 0, 0, 0, 0, 0, 0, 0, 0, 0, 0, 0, 0, 0, 0, 0, 0, 0, 0, 0, 0, 0, 0, 0, 0, 0, 0, 0, 0, 0, 0, 0, 0, 0, 0, 0, 0, 0, 0, 0, 0, 0, 0, 0, 0, 0, 0, 0, 0, 0, 0, 0, 0, 0, 0, 0, 0, 0, 0, 0, 0, 0, 0, 0, 0, 0, 0, 0, 0, 0, 0, 0, 0, 0, 0, 0, 0, 0, 0, 0, 0, 0, 0, 1, 0, 0, 0, 0, 0, 0, 0, 0, 0, 0, 0, 0, 0, 0, 0, 0, 0, 0, 0, 0, 0, 0, 0, 0, 0, 0, 0, 0, 1, 0, 0, 0, 0, 0, 0, 0, 0, 0, 0, 0, 0, 0, 0, 0, 0, 0, 0, 0, 0, 0, 0, 0, 0, 0, 0, 0, 0, 0, 0, 0, 0, 0, 0, 0, 0, 0, 0, 0, 0, 0, 0, 0, 0, 0, 0, 0, 0, 0, 0, 0, 0, 0, 0, 0, 0, 0, 0, 0, 0, 0, 0, 0, 0, 0, 0, 0, 0, 0, 0, 0, 0, 0, 0, 0, 0, 0, 0, 0, 0, 0, 0, 0, 0, 0, 0, 0, 0, 0, 0, 0, 0, 0, 0, 0, 0, 0, 0, 0, 0, 0, 0, 0, 0, 0, 0, 0, 0, 0, 0, 0, 0, 0, 0, 0, 0, 0, 0, 0, 0, 0, 0, 0, 0, 0, 0, 0, 0, 0, 0, 0, 0, 0, 0, 0, 0, 0, 0, 0, 0, 0, 1, 0, 0, 0, 0, 0, 0, 0, 0, 0, 0, 0, 0, 0, 0, 0, 0, 0, 0, 0, 0, 0, 0, 0, 0, 0, 0, 0, 0, 0, 0, 0, 0, 0, 0, 0, 0, 0, 0, 0, 0, 0, 0, 0, 0, 0, 0, 0, 0, 0, 0, 0, 0, 0, 0, 0, 0, 0, 0, 0, 0, 0, 0, 0, 0, 0, 0, 0, 0, 0, 0, 0, 0, 0, 0, 0, 0, 0, 0, 0, 0, 0, 0, 0, 0, 0, 0, 0, 0, 0, 0, 0, 0, 0, 0, 0, 0, 0, 0, 0, 0, 0, 0, 0, 0, 0, 0, 0, 0, 0, 0, 0, 0, 0, 0, 0, 0, 0, 0, 0, 0, 0, 0, 0, 0, 0, 0, 0, 0, 0, 0, 0, 0, 0, 0, 0, 0, 0, 0, 0, 0, 0, 0, 0, 0, 0, 0, 0, 0, 0, 0, 0, 0, 0, 0, 0, 0, 0, 0, 0, 0, 0, 0, 0, 0, 0, 0, 0, 0, 0, 0, 0, 0, 0, 0, 0, 0, 0, 0, 0, 0, 0, 0, 0, 0, 0, 0, 0, 0, 0, 0, 0, 0, 0, 0, 0, 0, 0, 0, 0, 0, 0, 0, 0, 0, 0, 0, 0, 0, 0, 0, 0, 0, 0, 0, 0, 0, 0, 0, 0, 0, 0, 0, 0, 0, 0, 0, 0, 0, 0, 0, 0, 0, 0, 0, 0, 0, 0, 0, 0, 0, 0, 0, 0, 0, 0, 0, 0, 0, 0, 0, 0, 0, 0, 0, 0, 0, 0, 0, 0, 0, 0, 0, 0, 0, 0, 0, 0, 0, 0, 0, 0, 0, 0, 0, 0, 0, 0, 0, 0, 0, 0, 0, 0, 0, 0, 0, 0, 0, 0, 0, 0, 0, 0)
// ---- PAYLOAD-END

// ================= SILVER =================
// ---- PAYLOAD-BEGIN (export_viz_payload.py — otomatik; elle düzenlemeyin)
payloadMeta = "SILVER · 2026-09 · 750 bar · capped P0xA0 · final sinyal: 8 · son bar 2026-09-16 06:00 UTC · UNTESTED-VIZ — dogruluk kaynagi DEGIL"
payloadOK   = true
f_ts() => array.from<int>(1773856800000, 1773871200000, 1773885600000, 1773900000000, 1773914400000, 1773928800000, 1773943200000, 1773957600000, 1773972000000, 1773986400000, 1774000800000, 1774015200000, 1774029600000, 1774216800000, 1774231200000, 1774245600000, 1774260000000, 1774274400000, 1774288800000, 1774303200000, 1774317600000, 1774332000000, 1774346400000, 1774360800000, 1774375200000, 1774389600000, 1774404000000, 1774418400000, 1774432800000, 1774447200000, 1774461600000, 1774476000000, 1774490400000, 1774504800000, 1774519200000, 1774533600000, 1774548000000, 1774562400000, 1774576800000, 1774591200000, 1774605600000, 1774620000000, 1774634400000, 1774821600000, 1774836000000, 1774850400000, 1774864800000, 1774879200000, 1774893600000, 1774908000000, 1774922400000, 1774936800000, 1774951200000, 1774965600000, 1774980000000, 1774994400000, 1775008800000, 1775023200000, 1775037600000, 1775052000000, 1775066400000, 1775080800000, 1775095200000, 1775109600000, 1775124000000, 1775138400000, 1775152800000, 1775426400000, 1775440800000, 1775455200000, 1775469600000, 1775484000000, 1775498400000, 1775512800000, 1775527200000, 1775541600000, 1775556000000, 1775570400000, 1775584800000, 1775599200000, 1775613600000, 1775628000000, 1775642400000, 1775656800000, 1775671200000, 1775685600000, 1775700000000, 1775714400000, 1775728800000, 1775743200000, 1775757600000, 1775772000000, 1775786400000, 1775800800000, 1775815200000, 1775829600000, 1775844000000, 1776031200000, 1776045600000, 1776060000000, 1776074400000, 1776088800000, 1776103200000, 1776117600000, 1776132000000, 1776146400000, 1776160800000, 1776175200000, 1776189600000, 1776204000000, 1776218400000, 1776232800000, 1776247200000, 1776261600000, 1776276000000, 1776290400000, 1776304800000, 1776319200000, 1776333600000, 1776348000000, 1776362400000, 1776376800000, 1776391200000, 1776405600000, 1776420000000, 1776434400000, 1776448800000, 1776636000000, 1776650400000, 1776664800000, 1776679200000, 1776693600000, 1776708000000, 1776722400000, 1776736800000, 1776751200000, 1776765600000, 1776780000000, 1776794400000, 1776808800000, 1776823200000, 1776837600000, 1776852000000, 1776866400000, 1776880800000, 1776895200000, 1776909600000, 1776924000000, 1776938400000, 1776952800000, 1776967200000, 1776981600000, 1776996000000, 1777010400000, 1777024800000, 1777039200000, 1777053600000, 1777240800000, 1777255200000, 1777269600000, 1777284000000, 1777298400000, 1777312800000, 1777327200000, 1777341600000, 1777356000000, 1777370400000, 1777384800000, 1777399200000, 1777413600000, 1777428000000, 1777442400000, 1777456800000, 1777471200000, 1777485600000, 1777500000000, 1777514400000, 1777528800000, 1777543200000, 1777557600000, 1777572000000, 1777586400000, 1777600800000, 1777615200000, 1777629600000, 1777644000000, 1777658400000, 1777845600000, 1777860000000, 1777874400000, 1777888800000, 1777903200000, 1777917600000, 1777932000000, 1777946400000, 1777960800000, 1777975200000, 1777989600000, 1778004000000, 1778018400000, 1778032800000, 1778047200000, 1778061600000, 1778076000000, 1778090400000, 1778104800000, 1778119200000, 1778133600000, 1778148000000, 1778162400000, 1778176800000, 1778191200000, 1778205600000, 1778220000000, 1778234400000, 1778248800000, 1778263200000, 1778450400000, 1778464800000, 1778479200000, 1778493600000, 1778508000000, 1778522400000, 1778536800000, 1778551200000, 1778565600000, 1778580000000, 1778594400000, 1778608800000, 1778623200000, 1778637600000, 1778652000000, 1778666400000, 1778680800000, 1778695200000, 1778709600000, 1778724000000, 1778738400000, 1778752800000, 1778767200000, 1778781600000, 1778796000000, 1778810400000, 1778824800000, 1778839200000, 1778853600000, 1778868000000, 1779055200000, 1779069600000, 1779084000000, 1779098400000, 1779112800000, 1779127200000, 1779141600000, 1779156000000, 1779170400000, 1779184800000, 1779199200000, 1779213600000, 1779228000000, 1779242400000, 1779256800000, 1779271200000, 1779285600000, 1779300000000, 1779314400000, 1779328800000, 1779343200000, 1779357600000, 1779372000000, 1779386400000, 1779400800000, 1779415200000, 1779429600000, 1779444000000, 1779458400000, 1779472800000, 1779760800000, 1779775200000, 1779789600000, 1779804000000, 1779818400000, 1779832800000, 1779847200000, 1779861600000, 1779876000000, 1779890400000, 1779904800000, 1779919200000, 1779933600000, 1779948000000, 1779962400000, 1779976800000, 1779991200000, 1780005600000, 1780020000000, 1780034400000, 1780048800000, 1780063200000, 1780077600000, 1780264800000, 1780279200000, 1780293600000, 1780308000000, 1780322400000, 1780336800000, 1780351200000, 1780365600000, 1780380000000, 1780394400000, 1780408800000, 1780423200000, 1780437600000, 1780452000000, 1780466400000, 1780480800000, 1780495200000, 1780509600000, 1780524000000, 1780538400000, 1780552800000, 1780567200000, 1780581600000, 1780596000000, 1780610400000, 1780624800000, 1780639200000, 1780653600000, 1780668000000, 1780682400000, 1780869600000, 1780884000000, 1780898400000, 1780912800000, 1780927200000, 1780941600000, 1780956000000, 1780970400000, 1780984800000, 1780999200000, 1781013600000, 1781028000000, 1781042400000, 1781056800000, 1781071200000, 1781085600000, 1781100000000, 1781114400000, 1781128800000, 1781143200000, 1781157600000, 1781172000000, 1781186400000, 1781200800000, 1781215200000, 1781229600000, 1781244000000, 1781258400000, 1781272800000, 1781287200000, 1781474400000, 1781488800000, 1781503200000, 1781517600000, 1781532000000, 1781546400000, 1781560800000, 1781575200000, 1781589600000, 1781604000000, 1781618400000, 1781632800000, 1781647200000, 1781661600000, 1781676000000, 1781690400000, 1781704800000, 1781719200000, 1781733600000, 1781748000000, 1781762400000, 1781776800000, 1781791200000, 1781805600000, 1781820000000, 1781834400000, 1782079200000, 1782093600000, 1782108000000, 1782122400000, 1782136800000, 1782151200000, 1782165600000, 1782180000000, 1782194400000, 1782208800000, 1782223200000, 1782237600000, 1782252000000, 1782266400000, 1782280800000, 1782295200000, 1782309600000, 1782324000000, 1782338400000, 1782352800000, 1782367200000, 1782381600000, 1782396000000, 1782410400000, 1782424800000, 1782439200000, 1782453600000, 1782468000000, 1782482400000, 1782496800000, 1782684000000, 1782698400000, 1782712800000, 1782727200000, 1782741600000, 1782756000000, 1782770400000, 1782784800000, 1782799200000, 1782813600000, 1782828000000, 1782842400000, 1782856800000, 1782871200000, 1782885600000, 1782900000000, 1782914400000, 1782928800000, 1782943200000, 1782957600000, 1782972000000, 1782986400000, 1783000800000, 1783015200000, 1783029600000, 1783044000000, 1783288800000, 1783303200000, 1783317600000, 1783332000000, 1783346400000, 1783360800000, 1783375200000, 1783389600000, 1783404000000, 1783418400000, 1783432800000, 1783447200000, 1783461600000, 1783476000000, 1783490400000, 1783504800000, 1783519200000, 1783533600000, 1783548000000, 1783562400000, 1783576800000, 1783591200000, 1783605600000, 1783620000000, 1783634400000, 1783648800000, 1783663200000, 1783677600000, 1783692000000, 1783706400000, 1783893600000, 1783908000000, 1783922400000, 1783936800000, 1783951200000, 1783965600000, 1783980000000, 1783994400000, 1784008800000, 1784023200000, 1784037600000, 1784052000000, 1784066400000, 1784080800000, 1784095200000, 1784109600000, 1784124000000, 1784138400000, 1784152800000, 1784167200000, 1784181600000, 1784196000000, 1784210400000, 1784224800000, 1784239200000, 1784253600000, 1784268000000, 1784282400000, 1784296800000, 1784311200000, 1784498400000, 1784512800000, 1784527200000, 1784541600000, 1784556000000, 1784570400000, 1784584800000, 1784599200000, 1784613600000, 1784628000000, 1784642400000, 1784656800000, 1784671200000, 1784685600000, 1784700000000, 1784714400000, 1784728800000, 1784743200000, 1784757600000, 1784772000000, 1784786400000, 1784800800000, 1784815200000, 1784829600000, 1784844000000, 1784858400000, 1784872800000, 1784887200000, 1784901600000, 1784916000000, 1785103200000, 1785117600000, 1785132000000, 1785146400000, 1785160800000, 1785175200000, 1785189600000, 1785204000000, 1785218400000, 1785232800000, 1785247200000, 1785261600000, 1785276000000, 1785290400000, 1785304800000, 1785319200000, 1785333600000, 1785348000000, 1785362400000, 1785376800000, 1785391200000, 1785405600000, 1785420000000, 1785434400000, 1785448800000, 1785463200000, 1785477600000, 1785492000000, 1785506400000, 1785520800000, 1785708000000, 1785722400000, 1785736800000, 1785751200000, 1785765600000, 1785780000000, 1785794400000, 1785808800000, 1785823200000, 1785837600000, 1785852000000, 1785866400000, 1785880800000, 1785895200000, 1785909600000, 1785924000000, 1785938400000, 1785952800000, 1785967200000, 1785981600000, 1785996000000, 1786010400000, 1786024800000, 1786039200000, 1786053600000, 1786068000000, 1786082400000, 1786096800000, 1786111200000, 1786125600000, 1786312800000, 1786327200000, 1786341600000, 1786356000000, 1786370400000, 1786384800000, 1786399200000, 1786413600000, 1786428000000, 1786442400000, 1786456800000, 1786471200000, 1786485600000, 1786500000000, 1786514400000, 1786528800000, 1786543200000, 1786557600000, 1786572000000, 1786586400000, 1786600800000, 1786615200000, 1786629600000, 1786644000000, 1786658400000, 1786672800000, 1786687200000, 1786701600000, 1786716000000, 1786730400000, 1786917600000, 1786932000000, 1786946400000, 1786960800000, 1786975200000, 1786989600000, 1787004000000, 1787018400000, 1787032800000, 1787047200000, 1787061600000, 1787076000000, 1787090400000, 1787104800000, 1787119200000, 1787133600000, 1787148000000, 1787162400000, 1787176800000, 1787191200000, 1787205600000, 1787220000000, 1787234400000, 1787248800000, 1787263200000, 1787277600000, 1787292000000, 1787306400000, 1787320800000, 1787335200000, 1787522400000, 1787536800000, 1787551200000, 1787565600000, 1787580000000, 1787594400000, 1787608800000, 1787623200000, 1787637600000, 1787652000000, 1787666400000, 1787680800000, 1787695200000, 1787709600000, 1787724000000, 1787738400000, 1787752800000, 1787767200000, 1787781600000, 1787796000000, 1787810400000, 1787824800000, 1787839200000, 1787853600000, 1787868000000, 1787882400000, 1787896800000, 1787911200000, 1787925600000, 1787940000000, 1788127200000, 1788141600000, 1788156000000, 1788170400000, 1788184800000, 1788199200000, 1788213600000, 1788228000000, 1788242400000, 1788256800000, 1788271200000, 1788285600000, 1788300000000, 1788314400000, 1788328800000, 1788343200000, 1788357600000, 1788372000000, 1788386400000, 1788400800000, 1788415200000, 1788429600000, 1788444000000, 1788458400000, 1788472800000, 1788487200000, 1788501600000, 1788516000000, 1788530400000, 1788544800000, 1788832800000, 1788847200000, 1788861600000, 1788876000000, 1788890400000, 1788904800000, 1788919200000, 1788933600000, 1788948000000, 1788962400000, 1788976800000, 1788991200000, 1789005600000, 1789020000000, 1789034400000, 1789048800000, 1789063200000, 1789077600000, 1789092000000, 1789106400000, 1789120800000, 1789135200000, 1789149600000, 1789336800000, 1789351200000, 1789365600000, 1789380000000, 1789394400000, 1789408800000, 1789423200000, 1789437600000, 1789452000000, 1789466400000, 1789480800000, 1789495200000, 1789509600000, 1789524000000, 1789538400000)
f_ema200() => array.from<float>(83.87, 83.79, 83.70, 83.58, 83.44, 83.32, 83.22, 83.13, 83.02, 82.91, 82.78, 82.65, 82.51, 82.34, 82.16, 81.98, 81.85, 81.73, 81.61, 81.46, 81.32, 81.21, 81.09, 80.97, 80.88, 80.81, 80.74, 80.66, 80.58, 80.50, 80.41, 80.32, 80.21, 80.10, 79.99, 79.86, 79.75, 79.64, 79.54, 79.43, 79.31, 79.22, 79.12, 79.02, 78.94, 78.86, 78.78, 78.69, 78.61, 78.55, 78.49, 78.44, 78.39, 78.36, 78.33, 78.29, 78.25, 78.22, 78.18, 78.16, 78.13, 78.08, 78.01, 77.94, 77.88, 77.82, 77.77, 77.72, 77.66, 77.62, 77.57, 77.52, 77.48, 77.43, 77.37, 77.33, 77.27, 77.22, 77.18, 77.17, 77.18, 77.17, 77.17, 77.15, 77.12, 77.09, 77.06, 77.03, 77.01, 77.01, 76.99, 76.98, 76.97, 76.95, 76.95, 76.94, 76.93, 76.91, 76.89, 76.86, 76.84, 76.82, 76.81, 76.81, 76.81, 76.82, 76.83, 76.86, 76.89, 76.92, 76.95, 76.97, 77.00, 77.02, 77.04, 77.07, 77.11, 77.13, 77.15, 77.16, 77.17, 77.19, 77.21, 77.23, 77.28, 77.33, 77.37, 77.41, 77.44, 77.45, 77.48, 77.51, 77.53, 77.55, 77.56, 77.58, 77.59, 77.58, 77.57, 77.57, 77.58, 77.58, 77.59, 77.59, 77.59, 77.59, 77.58, 77.55, 77.54, 77.52, 77.50, 77.48, 77.46, 77.43, 77.41, 77.40, 77.39, 77.37, 77.35, 77.34, 77.32, 77.30, 77.28, 77.25, 77.22, 77.18, 77.14, 77.11, 77.07, 77.04, 77.01, 76.97, 76.92, 76.87, 76.82, 76.78, 76.74, 76.72, 76.68, 76.66, 76.63, 76.61, 76.59, 76.56, 76.56, 76.56, 76.56, 76.56, 76.55, 76.53, 76.51, 76.48, 76.45, 76.41, 76.39, 76.36, 76.34, 76.31, 76.28, 76.27, 76.28, 76.29, 76.31, 76.32, 76.33, 76.36, 76.37, 76.42, 76.47, 76.51, 76.53, 76.57, 76.62, 76.66, 76.71, 76.75, 76.79, 76.84, 76.87, 76.91, 77.01, 77.10, 77.20, 77.29, 77.38, 77.45, 77.53, 77.61, 77.71, 77.80, 77.90, 77.99, 78.09, 78.20, 78.29, 78.39, 78.48, 78.57, 78.63, 78.70, 78.75, 78.78, 78.77, 78.76, 78.74, 78.73, 78.72, 78.68, 78.65, 78.62, 78.62, 78.61, 78.60, 78.59, 78.57, 78.55, 78.51, 78.48, 78.43, 78.39, 78.35, 78.33, 78.30, 78.28, 78.25, 78.24, 78.21, 78.19, 78.17, 78.16, 78.14, 78.13, 78.11, 78.09, 78.08, 78.06, 78.04, 78.03, 78.01, 77.99, 77.98, 77.97, 77.96, 77.94, 77.92, 77.89, 77.86, 77.83, 77.78, 77.74, 77.70, 77.66, 77.64, 77.63, 77.61, 77.60, 77.58, 77.56, 77.54, 77.52, 77.51, 77.49, 77.48, 77.44, 77.43, 77.40, 77.38, 77.38, 77.37, 77.36, 77.34, 77.32, 77.29, 77.27, 77.24, 77.21, 77.17, 77.13, 77.09, 77.05, 77.02, 76.99, 76.97, 76.94, 76.90, 76.85, 76.81, 76.74, 76.67, 76.59, 76.51, 76.41, 76.32, 76.24, 76.16, 76.08, 76.00, 75.93, 75.85, 75.78, 75.67, 75.57, 75.46, 75.36, 75.24, 75.15, 75.05, 74.93, 74.83, 74.72, 74.61, 74.51, 74.43, 74.36, 74.28, 74.21, 74.14, 74.06, 74.00, 73.94, 73.91, 73.87, 73.84, 73.81, 73.77, 73.74, 73.69, 73.65, 73.62, 73.59, 73.55, 73.52, 73.49, 73.46, 73.43, 73.39, 73.37, 73.32, 73.28, 73.24, 73.19, 73.13, 73.06, 72.99, 72.91, 72.82, 72.75, 72.69, 72.63, 72.57, 72.50, 72.42, 72.34, 72.24, 72.15, 72.05, 71.95, 71.85, 71.75, 71.65, 71.54, 71.42, 71.27, 71.14, 71.00, 70.86, 70.73, 70.59, 70.47, 70.34, 70.21, 70.08, 69.96, 69.86, 69.75, 69.65, 69.54, 69.44, 69.33, 69.22, 69.11, 69.01, 68.90, 68.79, 68.69, 68.60, 68.52, 68.43, 68.32, 68.22, 68.12, 68.05, 67.97, 67.89, 67.81, 67.74, 67.66, 67.61, 67.55, 67.48, 67.44, 67.39, 67.35, 67.29, 67.24, 67.20, 67.15, 67.10, 67.05, 66.99, 66.94, 66.88, 66.83, 66.77, 66.70, 66.65, 66.57, 66.49, 66.41, 66.34, 66.26, 66.19, 66.12, 66.07, 66.01, 65.96, 65.90, 65.85, 65.79, 65.73, 65.68, 65.62, 65.56, 65.48, 65.42, 65.35, 65.27, 65.20, 65.13, 65.06, 65.00, 64.94, 64.88, 64.82, 64.76, 64.71, 64.64, 64.59, 64.52, 64.46, 64.39, 64.32, 64.25, 64.16, 64.08, 64.00, 63.91, 63.83, 63.75, 63.68, 63.60, 63.53, 63.46, 63.40, 63.34, 63.27, 63.21, 63.15, 63.09, 63.04, 63.00, 62.96, 62.92, 62.88, 62.86, 62.83, 62.80, 62.78, 62.75, 62.72, 62.70, 62.67, 62.63, 62.58, 62.54, 62.49, 62.45, 62.40, 62.36, 62.32, 62.29, 62.25, 62.23, 62.21, 62.18, 62.15, 62.12, 62.08, 62.04, 61.99, 61.94, 61.89, 61.85, 61.80, 61.76, 61.73, 61.69, 61.64, 61.61, 61.57, 61.54, 61.50, 61.47, 61.44, 61.41, 61.39, 61.37, 61.34, 61.31, 61.27, 61.24, 61.20, 61.18, 61.15, 61.12, 61.08, 61.05, 61.02, 61.00, 60.98, 60.96, 60.95, 60.95, 60.93, 60.93, 60.93, 60.94, 60.96, 60.97, 60.98, 61.00, 61.01, 61.02, 61.03, 61.04, 61.05, 61.06, 61.08, 61.11, 61.15, 61.17, 61.19, 61.22, 61.25, 61.28, 61.30, 61.34, 61.39, 61.44, 61.47, 61.51, 61.55, 61.58, 61.61, 61.65, 61.69, 61.73, 61.78, 61.82, 61.85, 61.89, 61.92, 61.95, 61.98, 62.01, 62.04, 62.06, 62.08, 62.11, 62.14, 62.17, 62.20, 62.24, 62.27, 62.31, 62.34, 62.38, 62.41, 62.45, 62.48, 62.50, 62.53, 62.54, 62.55, 62.56, 62.56, 62.57, 62.59, 62.63, 62.67, 62.71, 62.75, 62.79, 62.84, 62.89, 62.94, 63.00, 63.06, 63.13, 63.19, 63.25, 63.31, 63.37, 63.43, 63.48, 63.53, 63.58, 63.64, 63.69, 63.73, 63.77, 63.81, 63.86, 63.91, 63.96, 64.02, 64.06, 64.11, 64.14, 64.18, 64.24, 64.28, 64.33, 64.37, 64.43, 64.48, 64.53, 64.58, 64.65, 64.72, 64.74, 64.77, 64.80, 64.82, 64.85, 64.87, 64.90, 64.92, 64.94, 64.97, 64.97, 64.97, 64.98, 64.97, 64.96, 64.96, 64.95, 64.96, 64.97, 64.98, 64.99, 65.01, 65.02, 65.04, 65.07, 65.09, 65.11, 65.14, 65.16, 65.17, 65.18, 65.20, 65.22, 65.23, 65.25, 65.26, 65.28, 65.29, 65.31, 65.33, 65.35, 65.38, 65.41, 65.43, 65.46, 65.48, 65.48, 65.47, 65.46, 65.44, 65.43, 65.42, 65.43, 65.42, 65.42, 65.41, 65.41, 65.38, 65.36, 65.35, 65.33, 65.32, 65.30, 65.29, 65.28, 65.26, 65.25, 65.24, 65.24, 65.24)
f_stopLong() => array.from<float>(74.96, 75.00, 74.98, 74.78, 74.48, 74.46, 74.51, 74.51, 62.97, 62.98, 62.98, 63.02, 63.06, 62.88, 62.80, 62.71, 62.45, 62.42, 62.53, 58.14, 58.21, 58.19, 58.21, 58.28, 63.25, 63.20, 63.31, 63.38, 63.48, 63.55, 63.60, 63.65, 63.62, 63.62, 63.63, 63.62, 63.62, 63.68, 63.71, 63.77, 64.42, 64.32, 64.41, 64.43, 64.43, 64.51, 64.53, 64.61, 64.69, 64.50, 64.56, 64.58, 64.64, 67.02, 67.13, 67.17, 67.23, 67.25, 67.30, 67.31, 67.37, 67.23, 67.16, 67.14, 67.15, 67.14, 67.22, 67.23, 67.26, 67.25, 67.29, 67.34, 67.41, 67.40, 67.40, 67.43, 67.43, 67.35, 67.34, 67.16, 67.20, 67.93, 67.96, 67.95, 67.94, 67.97, 68.04, 68.12, 68.13, 71.21, 71.24, 71.28, 71.31, 71.34, 71.35, 71.38, 71.44, 73.25, 73.32, 73.38, 73.42, 71.03, 71.08, 71.12, 71.13, 71.12, 71.13, 71.14, 71.19, 71.18, 71.13, 71.13, 71.11, 71.09, 71.14, 76.89, 76.92, 76.93, 76.91, 76.93, 77.00, 77.00, 77.03, 77.02, 76.87, 76.31, 76.32, 76.20, 76.28, 76.20, 76.12, 76.17, 76.25, 76.27, 76.31, 76.31, 76.33, 76.23, 76.21, 76.23, 76.26, 76.32, 73.97, 74.01, 74.07, 74.02, 74.01, 74.02, 73.91, 73.88, 73.92, 73.96, 72.84, 72.85, 72.84, 72.86, 72.89, 72.48, 72.47, 72.52, 72.55, 72.57, 72.62, 72.60, 72.56, 72.55, 72.52, 72.52, 72.59, 72.60, 71.22, 71.21, 71.17, 71.20, 71.22, 71.18, 71.16, 71.14, 70.03, 70.06, 70.12, 70.10, 70.12, 70.14, 69.98, 69.95, 70.00, 72.15, 72.19, 72.19, 72.12, 72.07, 72.12, 72.17, 71.37, 71.37, 71.39, 71.39, 71.44, 71.35, 71.34, 71.31, 71.25, 71.72, 71.78, 71.77, 71.80, 71.71, 71.69, 71.41, 71.42, 71.38, 71.41, 75.68, 75.69, 75.69, 75.76, 75.75, 75.72, 75.77, 75.45, 77.91, 77.98, 77.98, 78.01, 77.99, 77.96, 77.91, 77.90, 77.94, 77.95, 81.94, 81.94, 81.88, 81.94, 81.95, 81.96, 82.01, 81.88, 81.91, 81.91, 81.80, 81.65, 81.61, 81.51, 81.56, 81.60, 81.50, 81.56, 81.60, 81.54, 72.00, 72.06, 72.06, 72.09, 72.15, 72.04, 72.10, 72.17, 72.20, 71.47, 71.50, 71.54, 71.51, 71.64, 71.64, 71.65, 71.69, 71.71, 71.67, 71.72, 71.78, 73.11, 73.15, 73.18, 73.18, 73.24, 73.27, 73.30, 73.31, 73.36, 73.36, 73.39, 73.38, 73.39, 73.33, 73.36, 73.42, 73.36, 73.33, 73.36, 73.35, 73.24, 70.61, 70.64, 70.68, 70.71, 70.74, 70.68, 70.73, 70.74, 70.77, 73.60, 73.53, 73.50, 73.55, 73.54, 73.48, 72.75, 72.78, 72.79, 72.84, 72.82, 72.85, 72.88, 72.84, 72.86, 72.88, 72.86, 72.87, 72.90, 72.86, 71.36, 71.42, 71.39, 71.41, 71.38, 71.18, 71.17, 71.17, 71.12, 71.09, 71.13, 71.08, 71.10, 64.89, 64.92, 64.94, 64.98, 64.99, 64.81, 64.86, 64.85, 64.86, 64.84, 64.77, 64.78, 64.75, 64.65, 64.66, 64.70, 64.70, 59.88, 59.84, 59.86, 59.91, 59.91, 59.94, 59.92, 59.98, 59.91, 59.96, 60.01, 60.07, 60.08, 60.16, 60.20, 60.24, 60.23, 60.25, 60.28, 67.84, 67.88, 67.92, 67.94, 67.95, 67.92, 67.68, 67.64, 67.65, 67.68, 65.38, 65.40, 65.42, 65.46, 65.48, 65.32, 65.31, 65.28, 65.24, 62.00, 62.07, 62.08, 62.06, 62.10, 62.14, 62.17, 62.24, 62.24, 62.27, 62.27, 62.15, 62.04, 62.01, 62.04, 62.06, 62.09, 54.15, 54.14, 54.19, 54.22, 54.22, 54.15, 54.18, 54.23, 54.23, 54.25, 54.26, 54.25, 54.26, 54.29, 54.36, 56.46, 56.49, 56.42, 56.44, 55.66, 55.67, 55.67, 55.72, 55.75, 55.64, 55.66, 55.69, 56.19, 56.22, 56.24, 56.14, 56.14, 56.19, 56.18, 56.24, 56.27, 56.30, 56.33, 56.34, 56.37, 56.42, 56.39, 56.37, 56.40, 56.40, 56.41, 59.53, 59.57, 59.57, 59.45, 59.46, 59.46, 59.51, 59.54, 59.55, 56.46, 56.42, 56.45, 56.50, 56.53, 56.54, 56.54, 56.57, 56.56, 56.60, 56.58, 56.60, 56.58, 56.60, 56.60, 56.64, 56.64, 56.63, 56.67, 56.59, 56.15, 56.19, 56.21, 56.24, 56.26, 56.25, 56.18, 56.20, 56.19, 56.23, 55.99, 55.94, 55.94, 55.97, 55.99, 55.98, 55.99, 55.99, 56.01, 54.13, 54.09, 54.09, 54.09, 54.10, 54.11, 54.13, 54.12, 54.08, 54.06, 54.06, 55.45, 55.49, 55.46, 55.49, 55.50, 55.44, 55.42, 55.46, 55.43, 55.47, 55.45, 55.39, 55.41, 55.46, 55.49, 56.44, 56.42, 56.42, 56.43, 56.49, 56.45, 56.46, 56.47, 56.47, 56.48, 56.51, 56.46, 56.46, 56.49, 56.49, 56.49, 56.53, 56.53, 56.54, 56.07, 56.06, 56.01, 55.91, 55.90, 55.86, 55.91, 55.92, 55.92, 55.95, 56.18, 56.20, 56.21, 56.21, 56.21, 56.24, 56.24, 56.24, 56.35, 56.29, 56.30, 56.32, 56.32, 55.84, 55.86, 55.81, 55.82, 55.86, 55.88, 55.81, 55.83, 55.79, 55.78, 55.82, 55.80, 55.80, 55.81, 55.81, 55.81, 55.84, 55.83, 55.83, 60.16, 60.12, 60.13, 60.16, 60.15, 60.15, 60.19, 60.21, 62.23, 62.23, 62.22, 62.16, 62.18, 62.21, 62.22, 62.26, 63.56, 63.57, 63.51, 63.50, 63.48, 63.52, 63.50, 63.51, 63.51, 63.52, 63.54, 63.56, 63.40, 63.41, 63.41, 63.41, 63.41, 62.78, 62.73, 62.77, 62.79, 62.80, 62.79, 62.82, 62.80, 62.80, 62.82, 62.82, 62.77, 62.78, 62.77, 62.78, 62.79, 62.69, 61.49, 61.43, 61.44, 61.46, 61.48, 61.42, 61.36, 61.39, 61.41, 64.73, 64.72, 64.72, 64.72, 64.73, 64.71, 64.73, 64.75, 64.73, 67.40, 67.43, 67.41, 67.38, 67.38, 67.37, 67.35, 67.38, 67.36, 66.34, 66.36, 66.35, 66.35, 66.40, 66.36, 66.35, 66.45, 66.45, 66.39, 66.43, 66.42, 66.46, 66.37, 66.37, 66.10, 66.13, 66.15, 66.16, 66.20, 66.21, 66.26, 65.18, 65.23, 65.24, 65.15, 65.17, 65.20, 65.24, 65.24, 65.26, 65.29, 65.23, 65.26, 62.82, 62.85, 62.88, 62.91, 62.88, 62.85, 62.90, 62.93, 62.96, 62.97, 62.86, 62.87, 62.90, 62.90, 62.91, 62.91, 62.93, 62.93, 62.94, 62.95, 62.95, 62.89, 65.08, 65.09, 65.13, 65.15, 65.11, 64.98, 65.00, 65.02, 65.06, 65.06, 65.09, 64.98, 64.97, 65.03, 65.04, 62.08, 62.03, 62.06, 62.05, 62.07, 61.74, 61.78, 61.80, 61.81, 61.82, 61.85, 62.12, 62.09, 62.11)
f_swingLow() => array.from<float>(77.12, 77.12, 77.12, 77.12, 77.12, 77.12, 77.12, 77.12, 65.55, 65.55, 65.55, 65.55, 65.55, 65.55, 65.55, 65.55, 65.55, 65.55, 65.55, 61.21, 61.21, 61.21, 61.21, 61.21, 66.11, 66.11, 66.11, 66.11, 66.11, 66.11, 66.11, 66.11, 66.11, 66.11, 66.11, 66.11, 66.11, 66.11, 66.11, 66.11, 66.71, 66.71, 66.71, 66.71, 66.71, 66.71, 66.71, 66.71, 66.71, 66.71, 66.71, 66.71, 66.71, 69.10, 69.10, 69.10, 69.10, 69.10, 69.10, 69.10, 69.10, 69.10, 69.10, 69.10, 69.10, 69.10, 69.10, 69.10, 69.10, 69.10, 69.10, 69.10, 69.10, 69.10, 69.10, 69.10, 69.10, 69.10, 69.10, 69.10, 69.10, 69.78, 69.78, 69.78, 69.78, 69.78, 69.78, 69.78, 69.78, 72.93, 72.93, 72.93, 72.93, 72.93, 72.93, 72.93, 72.93, 74.88, 74.88, 74.88, 74.88, 72.54, 72.54, 72.54, 72.54, 72.54, 72.54, 72.54, 72.54, 72.54, 72.54, 72.54, 72.54, 72.54, 72.54, 78.31, 78.31, 78.31, 78.31, 78.31, 78.31, 78.31, 78.31, 78.31, 78.31, 77.77, 77.77, 77.77, 77.77, 77.77, 77.77, 77.77, 77.77, 77.77, 77.77, 77.77, 77.77, 77.77, 77.77, 77.77, 77.77, 77.77, 75.38, 75.38, 75.38, 75.38, 75.38, 75.38, 75.38, 75.38, 75.38, 75.38, 74.23, 74.23, 74.23, 74.23, 74.23, 73.85, 73.85, 73.85, 73.85, 73.85, 73.85, 73.85, 73.85, 73.85, 73.85, 73.85, 73.85, 73.85, 72.43, 72.43, 72.43, 72.43, 72.43, 72.43, 72.43, 72.43, 71.31, 71.31, 71.31, 71.31, 71.31, 71.31, 71.31, 71.31, 71.31, 73.43, 73.43, 73.43, 73.43, 73.43, 73.43, 73.43, 72.60, 72.60, 72.60, 72.60, 72.60, 72.60, 72.60, 72.60, 72.60, 73.05, 73.05, 73.05, 73.05, 73.05, 73.05, 73.05, 73.05, 73.05, 73.05, 77.30, 77.30, 77.30, 77.30, 77.30, 77.30, 77.30, 77.30, 79.75, 79.75, 79.75, 79.75, 79.75, 79.75, 79.75, 79.75, 79.75, 79.75, 83.67, 83.67, 83.67, 83.67, 83.67, 83.67, 83.67, 83.67, 83.67, 83.67, 83.67, 83.67, 83.67, 83.67, 83.67, 83.67, 83.67, 83.67, 83.67, 83.67, 74.11, 74.11, 74.11, 74.11, 74.11, 74.11, 74.11, 74.11, 74.11, 73.35, 73.35, 73.35, 73.35, 73.39, 73.39, 73.39, 73.39, 73.39, 73.39, 73.39, 73.39, 74.69, 74.69, 74.69, 74.69, 74.69, 74.69, 74.69, 74.69, 74.69, 74.69, 74.69, 74.69, 74.69, 74.69, 74.69, 74.69, 74.69, 74.69, 74.69, 74.69, 74.69, 72.00, 72.00, 72.00, 72.00, 72.00, 72.00, 72.00, 72.00, 72.00, 74.82, 74.82, 74.82, 74.82, 74.82, 74.82, 74.06, 74.06, 74.06, 74.06, 74.06, 74.06, 74.06, 74.06, 74.06, 74.06, 74.06, 74.06, 74.06, 74.06, 72.57, 72.57, 72.57, 72.57, 72.57, 72.57, 72.57, 72.57, 72.57, 72.57, 72.57, 72.57, 72.57, 66.31, 66.31, 66.31, 66.31, 66.31, 66.31, 66.31, 66.31, 66.31, 66.31, 66.31, 66.31, 66.31, 66.31, 66.31, 66.31, 66.31, 61.60, 61.60, 61.60, 61.60, 61.60, 61.60, 61.60, 61.60, 61.60, 61.60, 61.60, 61.60, 61.60, 61.60, 61.60, 61.60, 61.60, 61.60, 61.60, 69.10, 69.10, 69.10, 69.10, 69.10, 69.10, 69.10, 69.10, 69.10, 69.10, 66.85, 66.85, 66.85, 66.85, 66.85, 66.85, 66.85, 66.85, 66.85, 63.63, 63.63, 63.63, 63.63, 63.63, 63.63, 63.63, 63.63, 63.63, 63.63, 63.63, 63.63, 63.63, 63.63, 63.63, 63.63, 63.63, 55.75, 55.75, 55.75, 55.75, 55.75, 55.75, 55.75, 55.75, 55.69, 55.69, 55.69, 55.69, 55.69, 55.69, 55.69, 57.84, 57.84, 57.84, 57.84, 57.06, 57.06, 57.06, 57.06, 57.06, 57.06, 57.06, 57.06, 57.56, 57.56, 57.56, 57.56, 57.56, 57.56, 57.56, 57.56, 57.56, 57.56, 57.56, 57.56, 57.56, 57.56, 57.56, 57.56, 57.56, 57.56, 57.56, 60.71, 60.71, 60.71, 60.71, 60.71, 60.71, 60.71, 60.71, 60.71, 57.60, 57.60, 57.60, 57.60, 57.60, 57.60, 57.60, 57.60, 57.60, 57.60, 57.60, 57.60, 57.60, 57.60, 57.60, 57.60, 57.60, 57.60, 57.60, 57.60, 57.17, 57.17, 57.17, 57.17, 57.17, 57.17, 57.17, 57.17, 57.17, 57.17, 56.92, 56.92, 56.92, 56.92, 56.92, 56.92, 56.92, 56.92, 56.92, 55.00, 55.00, 55.00, 55.00, 55.00, 55.00, 55.00, 55.00, 55.00, 55.00, 55.00, 56.38, 56.38, 56.38, 56.38, 56.38, 56.38, 56.38, 56.38, 56.38, 56.38, 56.38, 56.38, 56.38, 56.38, 56.38, 57.32, 57.32, 57.32, 57.32, 57.36, 57.36, 57.36, 57.36, 57.36, 57.36, 57.36, 57.36, 57.36, 57.36, 57.36, 57.36, 57.36, 57.36, 57.36, 56.87, 56.87, 56.87, 56.87, 56.87, 56.87, 56.92, 56.92, 56.92, 56.92, 57.12, 57.12, 57.12, 57.12, 57.12, 57.12, 57.12, 57.12, 57.22, 57.22, 57.22, 57.22, 57.22, 56.71, 56.71, 56.71, 56.71, 56.71, 56.71, 56.71, 56.71, 56.71, 56.71, 56.71, 56.71, 56.71, 56.71, 56.71, 56.71, 56.71, 56.71, 56.71, 61.12, 61.12, 61.12, 61.12, 61.12, 61.12, 61.12, 61.12, 63.19, 63.19, 63.19, 63.19, 63.19, 63.19, 63.19, 63.19, 64.47, 64.47, 64.47, 64.47, 64.47, 64.47, 64.47, 64.47, 64.47, 64.47, 64.47, 64.47, 64.32, 64.32, 64.32, 64.32, 64.32, 63.65, 63.65, 63.65, 63.65, 63.65, 63.65, 63.65, 63.65, 63.65, 63.65, 63.65, 63.65, 63.65, 63.65, 63.65, 63.65, 63.65, 62.45, 62.45, 62.45, 62.45, 62.45, 62.45, 62.45, 62.45, 62.45, 65.75, 65.75, 65.75, 65.75, 65.75, 65.75, 65.75, 65.75, 65.75, 68.42, 68.42, 68.42, 68.42, 68.42, 68.42, 68.42, 68.42, 68.42, 67.39, 67.39, 67.39, 67.39, 67.39, 67.39, 67.39, 67.49, 67.49, 67.49, 67.49, 67.49, 67.49, 67.49, 67.49, 67.49, 67.49, 67.49, 67.49, 67.49, 67.49, 67.49, 66.36, 66.36, 66.36, 66.36, 66.36, 66.36, 66.36, 66.36, 66.36, 66.36, 66.36, 66.36, 63.88, 63.88, 63.88, 63.88, 63.88, 63.88, 63.88, 63.88, 63.88, 63.88, 63.88, 63.88, 63.88, 63.88, 63.88, 63.88, 63.88, 63.88, 63.88, 63.88, 63.88, 63.88, 66.13, 66.13, 66.13, 66.13, 66.13, 66.13, 66.13, 66.13, 66.13, 66.13, 66.13, 66.13, 66.13, 66.13, 66.13, 63.15, 63.15, 63.15, 63.15, 63.15, 62.80, 62.80, 62.80, 62.80, 62.80, 62.80, 63.03, 63.03, 63.03)
f_swingHigh() => array.from<float>(82.76, 80.32, 80.32, 80.32, 80.32, 80.32, 80.32, 80.32, 80.32, 80.32, 80.32, 74.62, 74.62, 74.62, 74.62, 74.62, 74.62, 74.62, 74.62, 74.62, 74.62, 71.03, 71.03, 71.03, 71.03, 71.03, 71.03, 71.03, 71.03, 74.80, 74.80, 74.80, 74.80, 74.80, 74.80, 74.80, 74.80, 74.80, 74.80, 74.80, 74.80, 74.80, 74.80, 74.80, 74.80, 71.78, 71.78, 71.78, 71.78, 71.78, 71.78, 71.78, 71.78, 71.78, 71.78, 71.78, 71.78, 71.78, 71.78, 75.96, 75.96, 75.96, 75.96, 76.26, 76.26, 76.26, 76.26, 76.26, 76.26, 76.26, 76.26, 76.26, 76.26, 76.26, 76.26, 76.26, 76.26, 76.26, 73.61, 73.61, 73.61, 73.61, 73.61, 73.61, 73.61, 73.61, 77.80, 77.80, 77.80, 77.80, 77.80, 77.80, 77.80, 76.84, 76.84, 76.84, 76.84, 76.84, 76.84, 77.00, 77.00, 77.00, 77.00, 77.00, 77.00, 77.00, 77.00, 77.00, 77.00, 77.00, 77.00, 77.00, 77.00, 77.00, 81.15, 81.15, 81.15, 81.15, 81.15, 81.15, 81.04, 81.04, 81.04, 81.04, 81.04, 81.04, 81.04, 81.04, 81.04, 81.04, 81.04, 81.04, 81.04, 81.04, 81.04, 81.04, 81.04, 81.04, 81.04, 81.04, 81.04, 81.04, 81.04, 81.04, 81.04, 81.04, 81.04, 81.04, 81.04, 81.04, 81.04, 81.04, 81.04, 81.04, 81.04, 81.04, 81.04, 81.04, 81.04, 76.67, 76.67, 76.67, 76.67, 76.67, 76.67, 76.67, 76.67, 76.15, 76.15, 76.15, 76.15, 76.15, 76.15, 76.15, 74.43, 74.43, 74.43, 74.43, 74.43, 74.43, 74.43, 74.43, 74.43, 74.43, 74.43, 74.43, 74.43, 74.43, 74.43, 77.53, 77.53, 77.53, 77.53, 77.53, 77.53, 77.53, 77.53, 77.53, 77.53, 77.53, 77.53, 77.53, 77.53, 77.53, 77.53, 77.53, 77.53, 77.53, 77.53, 77.53, 77.53, 77.53, 77.53, 82.68, 82.68, 82.68, 82.68, 82.68, 82.16, 82.16, 82.16, 82.16, 82.16, 82.16, 82.16, 82.16, 82.16, 88.00, 88.00, 88.00, 88.00, 88.00, 88.00, 88.58, 88.58, 88.58, 88.58, 90.11, 90.11, 90.11, 90.11, 90.11, 90.11, 90.11, 90.11, 90.11, 90.11, 90.11, 90.11, 90.11, 90.11, 90.11, 90.11, 90.11, 90.11, 90.11, 90.11, 79.40, 79.40, 79.40, 79.40, 79.40, 79.40, 79.40, 79.40, 79.40, 79.40, 79.40, 79.40, 77.31, 77.31, 77.31, 77.31, 77.48, 77.48, 77.48, 77.48, 77.48, 77.48, 77.48, 77.48, 77.48, 77.48, 77.48, 77.48, 77.48, 77.90, 77.90, 77.90, 77.90, 77.90, 77.90, 77.90, 77.90, 77.90, 77.90, 77.90, 77.90, 76.72, 76.72, 76.72, 76.72, 76.96, 76.96, 76.96, 76.96, 76.57, 76.57, 76.57, 76.57, 76.57, 76.57, 77.36, 77.36, 77.36, 77.36, 77.36, 77.36, 77.36, 77.36, 77.36, 77.36, 77.36, 77.36, 77.36, 75.33, 75.33, 75.33, 75.33, 75.33, 75.33, 75.33, 75.33, 75.33, 75.33, 75.33, 75.33, 69.10, 69.10, 69.10, 69.10, 69.10, 69.10, 69.18, 69.18, 69.18, 69.18, 69.18, 69.18, 65.89, 65.89, 65.89, 65.89, 65.89, 65.89, 65.89, 65.89, 65.89, 68.08, 68.08, 68.08, 68.08, 68.08, 68.08, 68.08, 68.08, 68.08, 71.40, 71.40, 71.40, 71.40, 71.40, 71.40, 71.31, 71.31, 71.31, 71.31, 71.31, 71.31, 71.31, 71.65, 71.65, 71.65, 71.65, 71.65, 71.65, 71.65, 71.65, 71.65, 71.65, 67.23, 67.23, 67.23, 67.23, 67.23, 67.23, 67.23, 67.23, 67.23, 67.23, 67.23, 67.23, 67.23, 67.23, 62.44, 62.44, 62.44, 62.44, 62.44, 62.44, 62.44, 59.05, 59.05, 59.05, 59.05, 59.05, 59.05, 59.05, 60.00, 60.00, 60.00, 60.00, 60.00, 60.00, 60.00, 60.00, 60.00, 60.00, 60.00, 60.00, 60.91, 60.91, 60.91, 60.91, 60.91, 60.91, 61.54, 61.54, 61.54, 61.54, 61.54, 61.54, 61.54, 61.54, 61.54, 61.54, 63.73, 63.73, 63.73, 63.73, 63.73, 63.73, 63.73, 63.73, 63.73, 63.73, 63.73, 63.73, 63.73, 63.73, 63.73, 63.73, 63.73, 63.73, 63.73, 63.73, 63.73, 63.73, 63.73, 63.73, 63.73, 61.19, 61.19, 61.19, 61.19, 61.19, 61.19, 61.19, 61.19, 61.19, 61.19, 61.19, 61.19, 61.19, 61.19, 61.19, 60.04, 60.04, 60.04, 60.04, 60.04, 60.04, 60.04, 60.04, 60.04, 60.04, 60.04, 60.04, 60.04, 60.04, 60.04, 60.04, 60.04, 60.04, 60.04, 60.04, 60.04, 60.04, 60.04, 57.76, 57.76, 57.76, 57.76, 57.76, 59.55, 59.55, 59.55, 59.55, 59.55, 59.55, 59.55, 59.55, 61.27, 61.27, 61.27, 61.27, 61.27, 61.27, 61.27, 61.27, 61.27, 61.27, 61.27, 61.27, 61.27, 61.27, 60.40, 60.40, 60.40, 60.40, 60.40, 60.40, 60.40, 60.40, 60.40, 60.40, 60.40, 60.40, 60.40, 60.40, 60.40, 60.40, 60.40, 59.54, 59.54, 59.54, 59.54, 59.54, 59.54, 59.57, 59.57, 59.57, 59.57, 59.57, 59.57, 59.57, 59.57, 59.57, 58.80, 58.80, 58.80, 58.80, 58.80, 58.80, 58.80, 58.80, 58.80, 58.80, 58.80, 58.80, 58.80, 58.80, 58.80, 58.80, 63.32, 63.32, 63.32, 63.32, 63.32, 63.32, 63.32, 63.32, 63.32, 65.48, 65.48, 65.48, 65.48, 65.48, 65.48, 65.48, 65.48, 65.48, 66.68, 66.68, 66.68, 66.68, 66.68, 66.68, 66.68, 66.68, 66.98, 66.98, 66.98, 66.98, 66.98, 66.98, 66.98, 66.98, 66.98, 66.98, 66.98, 66.98, 66.98, 66.98, 66.98, 66.98, 66.39, 66.39, 66.39, 66.39, 66.74, 66.74, 66.74, 66.74, 66.74, 66.74, 66.74, 66.74, 66.74, 66.74, 66.74, 66.74, 66.74, 66.74, 66.74, 66.74, 66.74, 66.74, 66.74, 66.74, 66.74, 66.74, 66.74, 70.08, 70.08, 70.08, 70.08, 70.08, 70.08, 70.08, 70.08, 70.08, 69.99, 69.99, 69.99, 69.99, 69.99, 69.99, 69.99, 69.75, 69.75, 69.75, 69.75, 69.75, 69.75, 69.75, 69.75, 69.75, 70.53, 70.53, 70.53, 70.53, 70.53, 70.53, 72.05, 72.05, 72.05, 72.05, 72.05, 68.18, 68.18, 68.18, 68.18, 67.72, 67.72, 67.72, 67.72, 67.72, 67.72, 67.72, 67.72, 67.72, 67.72, 67.72, 67.72, 67.72, 67.72, 67.72, 68.08, 68.08, 68.08, 68.08, 68.08, 68.08, 68.08, 68.08, 68.08, 68.08, 68.08, 68.08, 68.08, 68.08, 68.08, 68.08, 68.08, 68.98, 68.98, 68.98, 68.98, 68.98, 68.98, 68.98, 68.98, 68.98, 68.98, 68.98, 65.82, 65.82, 65.82, 65.82, 65.82, 65.82, 65.82, 65.82, 65.82, 65.82, 65.82, 65.82, 65.82, 65.82)
f_donHigh() => array.from<float>(84.65, 83.80, 82.76, 82.76, 82.76, 82.76, 82.76, 82.76, 82.76, 82.76, 82.76, 81.60, 81.60, 81.54, 80.32, 80.32, 80.32, 80.32, 80.18, 78.06, 77.62, 76.75, 76.73, 74.97, 74.62, 74.62, 74.80, 74.80, 74.80, 74.80, 74.80, 74.80, 74.80, 74.80, 74.80, 74.80, 74.80, 74.80, 74.80, 74.80, 74.80, 74.80, 74.80, 74.80, 74.80, 74.80, 74.32, 73.88, 73.62, 73.55, 73.71, 73.71, 73.71, 73.75, 75.40, 75.62, 75.96, 75.96, 75.96, 75.96, 76.26, 76.26, 76.26, 76.26, 76.26, 76.26, 76.26, 76.26, 76.26, 76.26, 76.26, 76.26, 76.26, 76.26, 76.26, 76.26, 76.26, 76.26, 76.26, 76.26, 77.44, 77.68, 77.77, 77.80, 77.80, 77.80, 77.80, 77.80, 77.80, 77.80, 77.80, 77.80, 77.80, 77.80, 77.80, 77.80, 77.80, 77.80, 77.80, 77.80, 77.80, 77.80, 77.80, 77.00, 77.00, 77.28, 78.29, 78.57, 79.80, 79.80, 80.88, 81.15, 81.15, 81.15, 81.15, 81.15, 81.15, 81.15, 81.15, 81.15, 81.15, 81.15, 81.15, 81.15, 81.15, 82.62, 83.25, 83.25, 83.25, 83.25, 83.25, 83.25, 83.25, 83.25, 83.25, 83.25, 83.25, 83.25, 83.25, 83.25, 83.25, 83.25, 83.25, 83.25, 83.25, 83.25, 82.24, 81.84, 81.84, 81.84, 81.84, 80.46, 80.38, 80.38, 80.04, 80.04, 79.36, 78.94, 78.63, 78.63, 78.63, 78.60, 78.47, 78.47, 78.40, 78.40, 77.07, 77.07, 77.07, 76.67, 76.67, 76.67, 76.67, 76.67, 76.67, 76.67, 76.56, 76.56, 76.56, 76.15, 76.15, 76.15, 76.15, 76.15, 75.79, 76.93, 77.53, 77.53, 77.53, 77.53, 77.53, 77.53, 77.53, 77.53, 77.53, 77.53, 77.53, 77.53, 77.53, 77.53, 77.53, 77.53, 77.78, 78.33, 78.33, 78.33, 78.81, 78.81, 80.78, 82.24, 82.68, 82.68, 82.68, 82.68, 82.68, 82.68, 82.68, 82.68, 82.68, 82.68, 82.68, 86.68, 86.80, 86.97, 88.00, 88.00, 88.00, 88.00, 88.00, 88.00, 88.58, 88.58, 88.58, 88.58, 90.11, 90.11, 90.11, 90.11, 90.11, 90.11, 90.11, 90.11, 90.11, 90.11, 90.11, 90.11, 90.11, 90.11, 90.11, 90.11, 90.11, 90.11, 90.11, 90.11, 89.17, 89.17, 88.38, 88.17, 87.83, 85.81, 85.33, 84.38, 82.09, 79.79, 79.55, 79.40, 79.40, 79.40, 79.40, 79.40, 79.40, 79.40, 79.40, 79.40, 77.62, 77.48, 77.48, 77.48, 77.48, 77.48, 77.48, 77.48, 77.48, 77.90, 77.90, 77.90, 77.90, 77.90, 77.90, 77.90, 77.90, 77.90, 77.90, 77.90, 77.90, 77.90, 77.90, 77.90, 77.90, 77.90, 77.90, 77.90, 77.90, 77.35, 76.96, 76.96, 76.96, 76.96, 77.24, 77.36, 77.36, 77.36, 77.36, 77.36, 77.36, 77.36, 77.36, 77.36, 77.36, 77.36, 77.36, 77.36, 77.36, 77.36, 77.36, 77.36, 77.36, 77.36, 77.36, 77.04, 76.37, 75.62, 75.62, 75.50, 75.33, 75.33, 75.33, 75.33, 75.33, 75.33, 75.33, 75.33, 74.70, 74.40, 74.38, 73.70, 73.70, 73.70, 70.12, 69.18, 69.18, 69.18, 69.18, 69.18, 69.18, 69.18, 69.18, 69.18, 69.18, 69.18, 68.44, 70.65, 70.90, 70.90, 71.40, 71.40, 71.40, 71.40, 71.40, 71.40, 71.40, 71.40, 71.40, 71.40, 71.40, 71.40, 71.40, 71.65, 71.65, 71.65, 71.65, 71.65, 71.65, 71.65, 71.65, 71.65, 71.65, 71.65, 71.65, 71.65, 71.65, 71.65, 71.65, 71.65, 71.65, 71.65, 71.65, 71.38, 69.92, 69.75, 69.08, 68.57, 67.23, 67.23, 67.23, 67.23, 67.23, 66.95, 66.95, 66.95, 66.81, 65.58, 65.32, 64.21, 62.85, 62.72, 62.53, 62.44, 62.44, 62.44, 62.44, 61.15, 60.00, 60.00, 60.00, 60.08, 60.08, 60.91, 60.91, 60.91, 60.91, 60.91, 61.20, 61.54, 61.54, 61.54, 61.54, 61.54, 62.58, 62.58, 62.58, 62.95, 63.10, 63.73, 63.73, 63.73, 63.73, 63.73, 63.73, 63.73, 63.73, 63.73, 63.73, 63.73, 63.73, 63.73, 63.73, 63.73, 63.73, 63.73, 63.73, 63.73, 63.73, 62.89, 62.81, 62.81, 62.81, 62.81, 62.59, 62.31, 62.31, 62.31, 61.86, 61.46, 61.46, 61.46, 61.46, 61.19, 61.19, 61.19, 61.19, 61.19, 61.19, 61.19, 61.19, 61.19, 61.19, 61.19, 60.79, 60.45, 60.45, 60.42, 60.04, 60.04, 60.04, 60.04, 60.04, 60.04, 60.04, 60.04, 60.04, 60.04, 60.04, 59.40, 59.40, 59.19, 59.19, 59.19, 58.78, 58.74, 58.50, 59.55, 59.55, 59.55, 59.55, 60.26, 60.30, 60.30, 60.90, 61.27, 61.27, 61.27, 61.27, 61.27, 61.27, 61.27, 61.27, 61.27, 61.27, 61.27, 61.27, 61.27, 61.27, 61.27, 61.27, 61.27, 61.27, 61.27, 61.27, 60.40, 60.40, 60.40, 60.40, 60.40, 60.40, 60.40, 60.40, 60.40, 60.40, 60.40, 60.40, 60.40, 60.40, 60.11, 60.10, 59.66, 59.57, 59.57, 59.57, 59.57, 59.57, 59.57, 59.57, 59.57, 59.57, 59.57, 59.57, 59.57, 59.57, 59.57, 59.57, 59.57, 60.24, 60.28, 60.28, 60.28, 61.89, 62.18, 62.76, 63.02, 63.02, 63.32, 63.32, 63.32, 63.32, 63.32, 63.32, 63.32, 63.32, 64.96, 65.48, 65.48, 65.48, 65.48, 65.48, 65.48, 65.48, 65.51, 66.25, 66.68, 66.68, 66.68, 66.68, 66.68, 66.68, 66.68, 66.68, 66.98, 66.98, 66.98, 66.98, 66.98, 66.98, 66.98, 66.98, 66.98, 66.98, 66.98, 66.98, 66.98, 66.98, 66.98, 66.98, 66.98, 66.98, 66.98, 66.98, 66.90, 66.74, 66.74, 66.74, 66.74, 66.74, 66.74, 66.74, 66.74, 66.74, 66.74, 66.74, 66.74, 67.29, 67.42, 67.46, 67.46, 67.63, 69.04, 69.04, 69.04, 69.25, 70.04, 70.08, 70.08, 70.08, 70.08, 70.08, 70.08, 70.08, 70.08, 70.08, 70.08, 70.08, 70.08, 70.08, 70.08, 70.08, 70.08, 70.08, 70.08, 70.08, 70.08, 70.02, 69.99, 69.99, 69.99, 69.99, 70.53, 70.53, 70.53, 70.53, 71.78, 71.96, 72.05, 72.05, 72.05, 72.05, 72.05, 72.05, 72.05, 72.05, 72.05, 72.05, 72.05, 72.05, 72.05, 72.05, 72.05, 72.05, 72.05, 72.05, 72.05, 72.05, 68.18, 68.18, 68.18, 68.18, 68.18, 68.08, 68.08, 68.08, 68.08, 68.08, 68.08, 68.08, 68.08, 68.08, 68.08, 68.08, 68.08, 68.08, 68.08, 68.08, 68.51, 68.98, 68.98, 68.98, 68.98, 68.98, 68.98, 68.98, 68.98, 68.98, 68.98, 68.98, 68.98, 68.98, 68.98, 68.98, 68.98, 68.98, 68.98, 68.98, 68.98, 68.65, 68.58, 68.58, 68.58, 67.32, 65.82, 65.82, 65.82)
f_donLow() => array.from<float>(75.64, 75.01, 75.01, 74.36, 70.07, 65.55, 65.55, 65.55, 65.55, 65.55, 65.55, 65.55, 65.55, 65.55, 64.83, 63.53, 61.21, 61.21, 61.21, 61.21, 61.21, 61.21, 61.21, 61.21, 61.21, 61.21, 61.21, 61.21, 61.21, 61.21, 61.21, 61.21, 61.21, 61.21, 61.21, 61.21, 63.53, 66.11, 66.11, 66.11, 66.11, 66.71, 66.71, 66.71, 66.71, 66.71, 66.71, 66.71, 66.71, 66.71, 66.71, 66.71, 66.71, 66.71, 66.71, 66.71, 66.71, 67.44, 67.57, 67.57, 67.57, 67.70, 67.70, 67.70, 68.60, 69.10, 69.10, 69.10, 69.10, 69.10, 69.61, 69.61, 69.61, 69.61, 69.61, 69.61, 69.61, 69.61, 69.61, 69.61, 69.61, 69.61, 69.61, 69.61, 69.61, 69.78, 69.78, 69.78, 69.78, 69.78, 69.78, 69.78, 69.78, 69.78, 69.78, 69.78, 69.78, 69.78, 71.43, 72.54, 72.54, 72.54, 72.54, 72.54, 72.54, 72.54, 72.54, 72.54, 72.54, 72.54, 72.54, 72.54, 72.54, 72.54, 72.54, 72.54, 72.54, 72.54, 73.65, 73.65, 73.65, 73.79, 75.04, 75.61, 75.95, 76.82, 77.31, 77.77, 77.77, 77.77, 77.77, 77.77, 77.77, 77.77, 77.77, 77.77, 77.77, 77.77, 76.08, 75.38, 75.38, 75.38, 75.38, 75.38, 75.38, 75.38, 75.38, 75.38, 75.07, 74.23, 74.23, 74.23, 74.23, 74.23, 73.85, 73.85, 73.85, 73.85, 73.85, 73.85, 73.85, 73.85, 73.85, 73.85, 73.85, 73.10, 72.79, 72.43, 72.43, 72.43, 72.43, 72.43, 72.43, 71.71, 71.71, 71.31, 71.31, 71.31, 71.31, 71.31, 71.31, 71.31, 71.31, 71.31, 71.31, 71.31, 71.31, 71.31, 71.31, 71.31, 71.31, 71.31, 71.31, 71.31, 71.31, 71.65, 72.03, 72.58, 72.60, 72.60, 72.60, 72.60, 72.60, 72.60, 72.60, 72.60, 72.60, 72.60, 72.60, 72.60, 72.60, 72.81, 72.81, 72.81, 73.04, 73.04, 73.05, 73.05, 73.05, 73.05, 75.08, 76.14, 76.25, 77.23, 77.30, 77.30, 77.30, 77.30, 77.30, 77.30, 78.58, 78.58, 79.75, 79.75, 79.75, 79.75, 79.75, 79.75, 80.28, 80.40, 80.69, 83.62, 81.01, 78.10, 77.20, 76.18, 76.18, 76.09, 74.11, 74.11, 74.11, 74.11, 74.11, 74.11, 74.11, 74.11, 74.11, 73.35, 73.35, 73.35, 73.35, 73.35, 73.35, 73.35, 73.35, 73.35, 73.35, 73.35, 73.35, 73.35, 73.35, 73.35, 73.35, 73.35, 73.35, 73.35, 73.35, 73.39, 73.39, 73.39, 73.39, 74.46, 74.69, 74.69, 74.69, 74.69, 73.72, 73.72, 73.72, 73.21, 72.00, 72.00, 72.00, 72.00, 72.00, 72.00, 72.00, 72.00, 72.00, 72.00, 72.00, 72.00, 72.00, 72.00, 72.00, 72.00, 72.00, 72.00, 72.00, 72.00, 72.86, 72.96, 73.39, 74.06, 74.06, 74.06, 73.39, 73.32, 72.83, 72.57, 72.57, 72.57, 72.57, 72.57, 72.57, 72.57, 72.36, 71.44, 69.75, 68.61, 67.70, 67.02, 66.31, 66.31, 66.31, 66.31, 66.31, 66.31, 66.31, 66.31, 66.31, 64.46, 64.46, 63.90, 63.54, 63.54, 63.47, 63.47, 63.42, 61.60, 61.60, 61.60, 61.60, 61.60, 61.60, 61.60, 61.60, 61.60, 61.60, 61.60, 61.60, 61.60, 61.60, 61.60, 61.60, 61.60, 61.60, 61.60, 61.60, 62.90, 62.90, 62.90, 63.58, 65.42, 65.96, 65.96, 65.96, 66.29, 66.32, 66.85, 66.85, 66.85, 66.40, 65.85, 65.18, 65.01, 64.07, 63.63, 63.63, 63.63, 63.63, 63.63, 63.63, 63.63, 62.40, 61.85, 61.71, 61.53, 61.37, 60.75, 60.75, 60.75, 58.09, 56.61, 55.75, 55.75, 55.75, 55.75, 55.75, 55.75, 55.75, 55.75, 55.69, 55.69, 55.69, 55.69, 55.69, 55.69, 55.69, 55.69, 55.69, 55.69, 55.69, 55.69, 55.69, 55.69, 55.69, 55.69, 55.69, 55.69, 55.69, 55.69, 56.44, 57.06, 57.06, 57.06, 57.06, 57.06, 57.06, 57.06, 57.06, 57.06, 57.06, 57.51, 57.56, 57.56, 57.56, 57.56, 57.56, 57.56, 57.56, 58.34, 59.42, 59.42, 59.42, 59.74, 59.74, 58.58, 58.42, 57.60, 57.60, 57.60, 57.60, 57.60, 57.60, 57.60, 57.60, 57.60, 57.60, 57.60, 57.60, 57.60, 57.60, 57.60, 57.60, 57.60, 57.60, 57.60, 57.60, 57.17, 57.17, 57.17, 57.17, 57.17, 57.17, 57.17, 57.17, 57.17, 57.17, 56.92, 56.92, 56.92, 56.92, 56.85, 55.65, 55.65, 55.60, 55.28, 55.00, 55.00, 55.00, 55.00, 55.00, 55.00, 55.00, 55.00, 55.00, 55.00, 55.00, 55.00, 55.00, 55.00, 55.00, 55.00, 55.00, 55.00, 55.00, 55.00, 55.10, 55.10, 55.76, 55.76, 55.76, 56.38, 56.38, 56.38, 56.38, 56.38, 56.38, 57.09, 57.32, 57.32, 57.32, 57.32, 57.32, 57.32, 57.32, 57.32, 57.32, 57.26, 56.90, 56.90, 56.90, 56.87, 56.87, 56.87, 56.87, 56.87, 56.87, 56.87, 56.87, 56.87, 56.87, 56.87, 56.87, 56.87, 56.87, 56.87, 56.87, 56.87, 56.87, 56.87, 56.87, 56.92, 56.92, 56.92, 56.71, 56.71, 56.71, 56.71, 56.71, 56.71, 56.71, 56.71, 56.71, 56.71, 56.71, 56.71, 56.71, 56.71, 56.71, 56.71, 56.71, 56.71, 56.71, 56.71, 57.21, 57.81, 58.19, 58.77, 58.78, 58.78, 59.52, 59.62, 59.62, 60.02, 61.12, 61.12, 61.12, 61.12, 61.12, 61.12, 61.12, 61.12, 61.12, 61.42, 61.42, 62.17, 62.87, 63.19, 63.19, 63.19, 63.19, 63.46, 63.78, 63.78, 63.83, 63.85, 63.65, 63.65, 63.65, 63.65, 63.65, 63.65, 63.65, 63.65, 63.65, 63.65, 63.65, 63.65, 63.65, 63.65, 63.65, 63.60, 63.27, 62.45, 62.45, 62.45, 62.45, 62.45, 62.45, 62.45, 62.45, 62.45, 62.45, 62.45, 62.45, 62.45, 62.45, 62.45, 62.45, 62.45, 62.45, 62.45, 62.45, 62.64, 62.70, 63.22, 65.10, 65.60, 65.75, 65.75, 65.75, 65.75, 67.20, 67.39, 67.39, 67.39, 67.39, 67.39, 67.39, 67.39, 67.39, 67.39, 67.39, 67.39, 67.39, 67.39, 67.39, 67.39, 67.39, 67.14, 66.83, 66.69, 66.36, 66.36, 66.36, 66.36, 66.36, 66.36, 66.36, 65.07, 64.83, 64.83, 64.61, 63.92, 63.88, 63.88, 63.88, 63.88, 63.88, 63.88, 63.88, 63.88, 63.88, 63.88, 63.88, 63.88, 63.88, 63.88, 63.88, 63.88, 63.88, 63.88, 63.88, 63.88, 64.15, 64.15, 65.33, 65.33, 65.33, 65.33, 65.33, 65.33, 65.33, 65.33, 65.33, 64.46, 64.46, 64.01, 63.71, 63.51, 63.51, 63.15, 63.15, 63.15, 63.15, 63.15, 62.80, 62.80, 62.80, 62.80, 62.80, 62.80, 62.80, 62.80, 62.80, 62.80, 62.80, 62.80)
f_sigLong() => array.from<int>(0, 0, 0, 0, 0, 0, 0, 0, 0, 0, 0, 0, 0, 0, 0, 0, 0, 0, 0, 0, 0, 0, 0, 0, 0, 0, 0, 0, 0, 0, 0, 0, 0, 0, 0, 0, 0, 0, 0, 0, 0, 0, 0, 0, 0, 0, 0, 0, 0, 0, 0, 0, 0, 0, 0, 0, 0, 0, 0, 0, 0, 0, 0, 0, 0, 0, 0, 0, 0, 0, 0, 0, 0, 0, 0, 0, 0, 0, 0, 0, 0, 0, 0, 0, 0, 0, 0, 0, 0, 0, 0, 0, 0, 0, 0, 0, 0, 0, 0, 0, 0, 0, 0, 0, 0, 0, 0, 0, 0, 0, 0, 0, 0, 0, 0, 0, 0, 0, 0, 0, 0, 0, 0, 0, 1, 0, 0, 0, 0, 0, 0, 0, 0, 0, 0, 0, 0, 0, 0, 0, 0, 0, 0, 0, 0, 0, 0, 0, 0, 0, 0, 0, 0, 0, 0, 0, 0, 0, 0, 0, 0, 0, 0, 0, 0, 0, 0, 0, 0, 0, 0, 0, 0, 0, 0, 0, 0, 0, 0, 0, 0, 0, 0, 0, 0, 0, 0, 0, 0, 0, 0, 0, 0, 0, 0, 0, 0, 0, 0, 0, 0, 0, 0, 0, 0, 0, 0, 0, 0, 0, 0, 0, 0, 0, 0, 0, 0, 0, 0, 0, 1, 0, 0, 0, 0, 0, 0, 0, 0, 0, 0, 0, 0, 0, 0, 0, 0, 0, 0, 0, 0, 0, 0, 0, 0, 0, 0, 0, 0, 0, 0, 0, 0, 0, 0, 0, 0, 0, 0, 0, 0, 0, 0, 0, 0, 0, 0, 0, 0, 0, 0, 0, 0, 0, 0, 0, 0, 0, 0, 0, 0, 0, 0, 0, 0, 0, 0, 0, 0, 0, 0, 0, 0, 0, 0, 0, 0, 0, 0, 0, 0, 0, 0, 0, 0, 0, 0, 0, 0, 0, 0, 0, 0, 0, 0, 0, 0, 0, 0, 0, 0, 0, 0, 0, 0, 0, 0, 0, 0, 0, 0, 0, 0, 0, 0, 0, 0, 0, 0, 0, 0, 0, 0, 0, 0, 0, 0, 0, 0, 0, 0, 0, 0, 0, 0, 0, 0, 0, 0, 0, 0, 0, 0, 0, 0, 0, 0, 0, 0, 0, 0, 0, 0, 0, 0, 0, 0, 0, 0, 0, 0, 0, 0, 0, 0, 0, 0, 0, 0, 0, 0, 0, 0, 0, 0, 0, 0, 0, 0, 0, 0, 0, 0, 0, 0, 0, 0, 0, 0, 0, 0, 0, 0, 0, 0, 0, 0, 0, 0, 0, 0, 0, 0, 0, 0, 0, 0, 0, 0, 0, 0, 0, 0, 0, 0, 0, 0, 0, 0, 0, 0, 0, 0, 0, 0, 0, 0, 0, 0, 0, 0, 0, 0, 0, 0, 0, 0, 0, 0, 0, 0, 0, 0, 0, 0, 0, 0, 0, 0, 0, 0, 0, 0, 0, 0, 0, 0, 0, 0, 0, 0, 0, 0, 0, 0, 0, 0, 0, 0, 0, 0, 0, 0, 0, 0, 0, 0, 0, 0, 0, 0, 0, 0, 0, 0, 0, 0, 0, 0, 0, 0, 0, 0, 0, 0, 0, 0, 0, 0, 0, 0, 0, 0, 0, 0, 0, 0, 0, 0, 0, 0, 0, 0, 0, 0, 0, 0, 0, 0, 0, 0, 0, 0, 0, 0, 0, 0, 0, 0, 0, 0, 0, 0, 0, 0, 0, 0, 0, 0, 0, 0, 0, 0, 0, 0, 0, 0, 0, 0, 0, 0, 0, 0, 0, 0, 0, 0, 0, 0, 0, 0, 0, 0, 0, 0, 0, 0, 0, 1, 0, 0, 0, 0, 0, 0, 0, 0, 0, 0, 0, 0, 0, 0, 0, 0, 0, 0, 0, 0, 0, 0, 0, 0, 0, 0, 0, 0, 0, 0, 0, 0, 0, 0, 0, 0, 0, 0, 0, 0, 0, 0, 0, 0, 0, 0, 0, 0, 0, 0, 0, 0, 0, 0, 0, 0, 0, 0, 0, 0, 0, 0, 0, 0, 0, 0, 0, 0, 0, 0, 0, 0, 0, 0, 0, 0, 0, 0, 0, 0, 0, 0, 0, 0, 0, 0, 0, 0, 0, 0, 0, 0, 0, 0, 0, 0, 0, 0, 0, 0, 0, 0, 0, 0, 0, 0, 0, 0, 0, 0, 0, 0, 0, 0, 0, 0, 0, 0, 0, 0, 0, 0, 0, 0, 0, 0, 0, 0, 0, 0, 0, 0, 1, 0, 0, 0, 0, 0, 0, 0, 0, 0, 0, 0, 0, 0, 0, 0, 0, 0, 0, 0, 0, 0, 0, 0, 0, 0, 0, 0, 0)
f_sigShort() => array.from<int>(0, 0, 0, 0, 0, 0, 0, 0, 0, 0, 0, 0, 0, 0, 0, 0, 0, 0, 0, 0, 0, 0, 0, 0, 0, 0, 0, 0, 0, 0, 0, 0, 0, 0, 0, 0, 0, 0, 0, 0, 0, 0, 0, 0, 0, 0, 0, 0, 0, 0, 0, 0, 0, 0, 0, 0, 0, 0, 0, 0, 0, 0, 0, 0, 0, 0, 0, 0, 0, 0, 0, 0, 0, 0, 0, 0, 0, 0, 0, 0, 0, 0, 0, 0, 0, 0, 0, 0, 0, 0, 0, 0, 0, 0, 0, 0, 0, 0, 0, 0, 0, 0, 0, 0, 0, 0, 0, 0, 0, 0, 0, 0, 0, 0, 0, 0, 0, 0, 0, 0, 0, 0, 0, 0, 0, 0, 0, 0, 0, 0, 0, 0, 0, 0, 0, 0, 0, 0, 0, 0, 0, 0, 0, 0, 0, 0, 0, 0, 0, 0, 0, 0, 0, 0, 0, 0, 0, 0, 0, 0, 0, 0, 0, 0, 1, 0, 0, 0, 0, 0, 0, 0, 0, 0, 0, 0, 0, 0, 0, 0, 0, 0, 0, 0, 0, 0, 0, 0, 0, 0, 0, 0, 0, 0, 0, 0, 0, 0, 0, 0, 0, 0, 0, 0, 0, 0, 0, 0, 0, 0, 0, 0, 0, 0, 0, 0, 0, 0, 0, 0, 0, 0, 0, 0, 0, 0, 0, 0, 0, 0, 0, 0, 0, 0, 0, 0, 0, 0, 0, 0, 0, 0, 0, 0, 0, 0, 0, 0, 0, 0, 0, 0, 0, 0, 0, 0, 0, 0, 0, 0, 0, 0, 0, 0, 0, 0, 0, 0, 0, 0, 0, 0, 0, 0, 0, 0, 0, 0, 0, 0, 0, 0, 0, 0, 0, 0, 0, 0, 1, 0, 0, 0, 0, 0, 0, 0, 0, 0, 0, 0, 0, 0, 0, 0, 0, 0, 0, 0, 0, 0, 0, 0, 0, 0, 0, 0, 0, 0, 0, 0, 0, 0, 0, 0, 0, 0, 0, 0, 0, 0, 0, 0, 0, 0, 0, 0, 0, 0, 0, 0, 0, 0, 0, 0, 0, 0, 0, 0, 0, 0, 0, 0, 0, 0, 0, 0, 0, 0, 0, 0, 0, 0, 0, 0, 0, 0, 0, 0, 0, 0, 0, 0, 0, 0, 0, 0, 0, 0, 0, 0, 0, 0, 1, 0, 0, 0, 0, 0, 0, 0, 0, 0, 0, 0, 0, 0, 0, 0, 0, 0, 0, 0, 0, 0, 0, 0, 0, 0, 0, 0, 0, 0, 0, 0, 0, 0, 0, 0, 0, 0, 0, 0, 0, 0, 0, 0, 0, 0, 0, 0, 0, 0, 0, 0, 0, 0, 0, 0, 0, 0, 0, 0, 0, 0, 0, 0, 0, 0, 0, 0, 0, 0, 0, 0, 0, 0, 0, 0, 0, 0, 0, 0, 0, 0, 0, 0, 0, 0, 0, 0, 0, 0, 0, 0, 0, 0, 0, 0, 0, 0, 0, 0, 0, 0, 0, 0, 0, 0, 0, 0, 0, 0, 0, 1, 0, 0, 0, 0, 0, 0, 0, 0, 0, 0, 0, 0, 0, 0, 0, 0, 0, 0, 0, 0, 0, 0, 0, 0, 0, 0, 0, 0, 0, 0, 0, 0, 0, 0, 0, 0, 0, 0, 0, 0, 0, 0, 0, 0, 0, 0, 0, 0, 0, 0, 0, 0, 0, 0, 0, 0, 0, 0, 0, 0, 0, 0, 0, 0, 0, 0, 0, 0, 0, 0, 0, 0, 0, 0, 0, 0, 0, 0, 0, 0, 0, 0, 0, 0, 0, 0, 0, 0, 0, 0, 0, 0, 0, 0, 0, 0, 0, 0, 0, 0, 0, 0, 0, 0, 0, 0, 0, 0, 0, 0, 0, 0, 0, 0, 0, 0, 0, 0, 0, 0, 0, 0, 0, 0, 0, 0, 0, 0, 0, 0, 0, 0, 0, 0, 0, 0, 0, 0, 0, 0, 0, 0, 0, 0, 0, 0, 0, 0, 0, 0, 0, 0, 0, 0, 0, 0, 0, 0, 0, 0, 0, 0, 0, 0, 0, 0, 0, 0, 0, 0, 0, 0, 0, 0, 0, 0, 0, 0, 0, 0, 0, 0, 0, 0, 0, 0, 0, 0, 0, 0, 0, 0, 0, 0, 0, 0, 0, 0, 0, 0, 0, 0, 0, 0, 0, 0, 0, 0, 0, 0, 0, 0, 0, 0, 0, 0, 0, 0, 0, 0, 0, 0, 0, 0, 0, 0, 0, 0, 0, 0, 0, 0, 0, 0, 0, 0, 0, 0, 0, 0, 0, 0, 0, 0, 0, 0, 0, 0, 0, 0, 0, 0, 0, 0, 0, 0)
// ---- PAYLOAD-END

// ================= BIST30 =================
// ---- PAYLOAD-BEGIN (export_viz_payload.py — otomatik; elle düzenlemeyin)
payloadMeta = "BIST30 · 2026-09 · 750 bar · capped P0xA0 · final sinyal: 9 · son bar 2026-09-15 11:00 UTC · UNTESTED-VIZ — dogruluk kaynagi DEGIL"
payloadOK   = true
f_ts() => array.from<int>(1741676400000, 1741690800000, 1741762800000, 1741777200000, 1741849200000, 1741863600000, 1741935600000, 1741950000000, 1742194800000, 1742209200000, 1742281200000, 1742295600000, 1742367600000, 1742382000000, 1742454000000, 1742468400000, 1742540400000, 1742554800000, 1742799600000, 1742814000000, 1742886000000, 1742900400000, 1742972400000, 1742986800000, 1743058800000, 1743073200000, 1743145200000, 1743159600000, 1743577200000, 1743591600000, 1743663600000, 1743678000000, 1743750000000, 1743764400000, 1744009200000, 1744023600000, 1744095600000, 1744110000000, 1744182000000, 1744196400000, 1744268400000, 1744282800000, 1744354800000, 1744369200000, 1744614000000, 1744628400000, 1744700400000, 1744714800000, 1744786800000, 1744801200000, 1744873200000, 1744887600000, 1744959600000, 1744974000000, 1745218800000, 1745233200000, 1745305200000, 1745319600000, 1745478000000, 1745492400000, 1745564400000, 1745578800000, 1745823600000, 1745838000000, 1745910000000, 1745924400000, 1745996400000, 1746010800000, 1746169200000, 1746183600000, 1746428400000, 1746442800000, 1746514800000, 1746529200000, 1746601200000, 1746615600000, 1746687600000, 1746702000000, 1746774000000, 1746788400000, 1747033200000, 1747047600000, 1747119600000, 1747134000000, 1747206000000, 1747220400000, 1747292400000, 1747306800000, 1747378800000, 1747393200000, 1747724400000, 1747738800000, 1747810800000, 1747825200000, 1747897200000, 1747911600000, 1747983600000, 1747998000000, 1748242800000, 1748257200000, 1748329200000, 1748343600000, 1748415600000, 1748430000000, 1748502000000, 1748516400000, 1748588400000, 1748602800000, 1748847600000, 1748862000000, 1748934000000, 1748948400000, 1749020400000, 1749034800000, 1749106800000, 1749538800000, 1749553200000, 1749625200000, 1749639600000, 1749711600000, 1749726000000, 1749798000000, 1749812400000, 1750057200000, 1750071600000, 1750143600000, 1750158000000, 1750230000000, 1750244400000, 1750316400000, 1750330800000, 1750402800000, 1750417200000, 1750662000000, 1750676400000, 1750748400000, 1750762800000, 1750834800000, 1750849200000, 1750921200000, 1750935600000, 1751007600000, 1751022000000, 1751266800000, 1751281200000, 1751353200000, 1751367600000, 1751439600000, 1751454000000, 1751526000000, 1751540400000, 1751612400000, 1751626800000, 1751871600000, 1751886000000, 1751958000000, 1751972400000, 1752044400000, 1752058800000, 1752130800000, 1752145200000, 1752217200000, 1752231600000, 1752476400000, 1752490800000, 1752649200000, 1752663600000, 1752735600000, 1752750000000, 1752822000000, 1752836400000, 1753081200000, 1753095600000, 1753167600000, 1753182000000, 1753254000000, 1753268400000, 1753340400000, 1753354800000, 1753426800000, 1753441200000, 1753686000000, 1753700400000, 1753772400000, 1753786800000, 1753858800000, 1753873200000, 1753945200000, 1753959600000, 1754031600000, 1754046000000, 1754290800000, 1754305200000, 1754377200000, 1754391600000, 1754463600000, 1754478000000, 1754550000000, 1754564400000, 1754636400000, 1754650800000, 1754895600000, 1754910000000, 1754982000000, 1754996400000, 1755068400000, 1755082800000, 1755154800000, 1755169200000, 1755241200000, 1755255600000, 1755500400000, 1755514800000, 1755586800000, 1755601200000, 1755673200000, 1755687600000, 1755759600000, 1755774000000, 1755846000000, 1755860400000, 1756105200000, 1756119600000, 1756191600000, 1756206000000, 1756278000000, 1756292400000, 1756364400000, 1756378800000, 1756450800000, 1756465200000, 1756710000000, 1756724400000, 1756796400000, 1756810800000, 1756882800000, 1756897200000, 1756969200000, 1756983600000, 1757055600000, 1757070000000, 1757314800000, 1757329200000, 1757401200000, 1757415600000, 1757487600000, 1757502000000, 1757574000000, 1757588400000, 1757660400000, 1757674800000, 1757919600000, 1757934000000, 1758006000000, 1758020400000, 1758092400000, 1758106800000, 1758178800000, 1758193200000, 1758265200000, 1758279600000, 1758524400000, 1758538800000, 1758610800000, 1758625200000, 1758697200000, 1758711600000, 1758783600000, 1758798000000, 1758870000000, 1758884400000, 1759129200000, 1759143600000, 1759215600000, 1759230000000, 1759302000000, 1759316400000, 1759388400000, 1759402800000, 1759474800000, 1759489200000, 1759734000000, 1759748400000, 1759820400000, 1759834800000, 1759906800000, 1759921200000, 1759993200000, 1760007600000, 1760079600000, 1760094000000, 1760338800000, 1760353200000, 1760425200000, 1760439600000, 1760511600000, 1760526000000, 1760598000000, 1760612400000, 1760684400000, 1760698800000, 1760943600000, 1760958000000, 1761030000000, 1761044400000, 1761116400000, 1761130800000, 1761202800000, 1761217200000, 1761289200000, 1761303600000, 1761548400000, 1761562800000, 1761634800000, 1761807600000, 1761822000000, 1761894000000, 1761908400000, 1762153200000, 1762167600000, 1762239600000, 1762254000000, 1762326000000, 1762340400000, 1762412400000, 1762426800000, 1762498800000, 1762513200000, 1762758000000, 1762772400000, 1762844400000, 1762858800000, 1762930800000, 1762945200000, 1763017200000, 1763031600000, 1763103600000, 1763118000000, 1763362800000, 1763377200000, 1763449200000, 1763463600000, 1763535600000, 1763550000000, 1763622000000, 1763636400000, 1763708400000, 1763722800000, 1763967600000, 1763982000000, 1764054000000, 1764068400000, 1764140400000, 1764154800000, 1764226800000, 1764241200000, 1764313200000, 1764327600000, 1764572400000, 1764586800000, 1764658800000, 1764673200000, 1764745200000, 1764759600000, 1764831600000, 1764846000000, 1764918000000, 1764932400000, 1765177200000, 1765191600000, 1765263600000, 1765278000000, 1765350000000, 1765364400000, 1765436400000, 1765450800000, 1765522800000, 1765537200000, 1765782000000, 1765796400000, 1765868400000, 1765882800000, 1765954800000, 1765969200000, 1766041200000, 1766055600000, 1766127600000, 1766142000000, 1766386800000, 1766401200000, 1766473200000, 1766487600000, 1766559600000, 1766574000000, 1766646000000, 1766660400000, 1766732400000, 1766746800000, 1766991600000, 1767006000000, 1767078000000, 1767092400000, 1767164400000, 1767178800000, 1767337200000, 1767351600000, 1767596400000, 1767610800000, 1767682800000, 1767697200000, 1767769200000, 1767783600000, 1767855600000, 1767870000000, 1767942000000, 1767956400000, 1768201200000, 1768215600000, 1768287600000, 1768302000000, 1768374000000, 1768388400000, 1768460400000, 1768474800000, 1768546800000, 1768561200000, 1768806000000, 1768820400000, 1768892400000, 1768906800000, 1768978800000, 1768993200000, 1769065200000, 1769079600000, 1769151600000, 1769166000000, 1769410800000, 1769425200000, 1769497200000, 1769511600000, 1769583600000, 1769598000000, 1769670000000, 1769684400000, 1769756400000, 1769770800000, 1770102000000, 1770116400000, 1770188400000, 1770202800000, 1770274800000, 1770289200000, 1770361200000, 1770375600000, 1770620400000, 1770634800000, 1770706800000, 1770721200000, 1770793200000, 1770807600000, 1770879600000, 1770894000000, 1770966000000, 1770980400000, 1771225200000, 1771239600000, 1771311600000, 1771326000000, 1771398000000, 1771412400000, 1771484400000, 1771498800000, 1771570800000, 1771585200000, 1771830000000, 1771844400000, 1771916400000, 1771930800000, 1772002800000, 1772017200000, 1772089200000, 1772103600000, 1772175600000, 1772190000000, 1772434800000, 1772449200000, 1772521200000, 1772535600000, 1772607600000, 1772622000000, 1772694000000, 1772708400000, 1772780400000, 1772794800000, 1773039600000, 1773054000000, 1773126000000, 1773140400000, 1773212400000, 1773226800000, 1773298800000, 1773313200000, 1773385200000, 1773399600000, 1773644400000, 1773658800000, 1773730800000, 1773745200000, 1773817200000, 1773831600000, 1773903600000, 1774249200000, 1774263600000, 1774335600000, 1774350000000, 1774422000000, 1774436400000, 1774508400000, 1774522800000, 1774594800000, 1774609200000, 1774854000000, 1774868400000, 1774940400000, 1774954800000, 1775026800000, 1775041200000, 1775113200000, 1775127600000, 1775199600000, 1775214000000, 1775458800000, 1775473200000, 1775545200000, 1775559600000, 1775631600000, 1775646000000, 1775718000000, 1775732400000, 1775804400000, 1775818800000, 1776063600000, 1776078000000, 1776150000000, 1776164400000, 1776236400000, 1776250800000, 1776322800000, 1776337200000, 1776409200000, 1776423600000, 1776668400000, 1776682800000, 1776754800000, 1776769200000, 1776841200000, 1776855600000, 1777014000000, 1777028400000, 1777273200000, 1777287600000, 1777359600000, 1777374000000, 1777446000000, 1777460400000, 1777532400000, 1777546800000, 1777878000000, 1777892400000, 1777964400000, 1777978800000, 1778050800000, 1778065200000, 1778137200000, 1778151600000, 1778223600000, 1778238000000, 1778482800000, 1778497200000, 1778569200000, 1778583600000, 1778655600000, 1778670000000, 1778742000000, 1778756400000, 1778828400000, 1778842800000, 1779087600000, 1779102000000, 1779260400000, 1779274800000, 1779346800000, 1779361200000, 1779433200000, 1779447600000, 1779692400000, 1779706800000, 1779778800000, 1780297200000, 1780311600000, 1780383600000, 1780398000000, 1780470000000, 1780484400000, 1780556400000, 1780570800000, 1780642800000, 1780657200000, 1780902000000, 1780916400000, 1780988400000, 1781002800000, 1781074800000, 1781089200000, 1781161200000, 1781175600000, 1781247600000, 1781262000000, 1781506800000, 1781521200000, 1781593200000, 1781607600000, 1781679600000, 1781694000000, 1781766000000, 1781780400000, 1781852400000, 1781866800000, 1782111600000, 1782126000000, 1782198000000, 1782212400000, 1782284400000, 1782298800000, 1782370800000, 1782385200000, 1782457200000, 1782471600000, 1782716400000, 1782730800000, 1782802800000, 1782817200000, 1782889200000, 1782903600000, 1782975600000, 1782990000000, 1783062000000, 1783076400000, 1783321200000, 1783335600000, 1783407600000, 1783422000000, 1783494000000, 1783508400000, 1783580400000, 1783594800000, 1783666800000, 1783681200000, 1783926000000, 1783940400000, 1784012400000, 1784026800000, 1784185200000, 1784199600000, 1784271600000, 1784286000000, 1784530800000, 1784545200000, 1784617200000, 1784631600000, 1784703600000, 1784718000000, 1784790000000, 1784804400000, 1784876400000, 1784890800000, 1785135600000, 1785150000000, 1785222000000, 1785236400000, 1785308400000, 1785322800000, 1785394800000, 1785409200000, 1785481200000, 1785495600000, 1785740400000, 1785754800000, 1785826800000, 1785841200000, 1785913200000, 1785927600000, 1785999600000, 1786014000000, 1786086000000, 1786100400000, 1786345200000, 1786359600000, 1786431600000, 1786446000000, 1786518000000, 1786532400000, 1786604400000, 1786618800000, 1786690800000, 1786705200000, 1786950000000, 1786964400000, 1787036400000, 1787050800000, 1787122800000, 1787137200000, 1787209200000, 1787223600000, 1787295600000, 1787310000000, 1787554800000, 1787569200000, 1787641200000, 1787655600000, 1787727600000, 1787742000000, 1787814000000, 1787828400000, 1787900400000, 1787914800000, 1788159600000, 1788174000000, 1788246000000, 1788260400000, 1788332400000, 1788346800000, 1788418800000, 1788433200000, 1788505200000, 1788519600000, 1788764400000, 1788778800000, 1788850800000, 1788865200000, 1788937200000, 1788951600000, 1789023600000, 1789038000000, 1789110000000, 1789124400000, 1789369200000, 1789383600000, 1789455600000, 1789470000000)
f_ema200() => array.from<float>(10892.46, 10900.62, 10910.80, 10920.86, 10931.88, 10942.35, 10953.87, 10965.52, 10976.81, 10988.25, 10998.91, 11009.39, 11010.79, 11009.54, 11009.28, 11007.19, 10998.20, 10987.80, 10976.31, 10967.75, 10964.81, 10961.93, 10957.74, 10954.80, 10951.48, 10947.39, 10941.33, 10937.23, 10932.16, 10926.97, 10922.32, 10916.57, 10909.37, 10902.54, 10894.03, 10887.63, 10881.63, 10876.35, 10869.17, 10861.66, 10856.48, 10849.84, 10842.84, 10836.41, 10831.22, 10825.50, 10820.26, 10814.13, 10806.68, 10799.50, 10793.25, 10787.31, 10780.40, 10773.55, 10766.81, 10760.36, 10754.29, 10748.06, 10742.58, 10738.68, 10734.74, 10730.30, 10725.04, 10719.63, 10713.43, 10707.20, 10699.36, 10691.15, 10684.20, 10677.35, 10670.14, 10662.83, 10656.52, 10649.69, 10643.41, 10636.17, 10631.34, 10626.81, 10622.65, 10619.31, 10619.09, 10620.06, 10620.37, 10620.73, 10621.20, 10621.53, 10620.90, 10619.30, 10617.93, 10617.80, 10616.58, 10614.89, 10612.56, 10609.68, 10606.39, 10604.42, 10602.32, 10599.07, 10595.80, 10592.76, 10588.72, 10584.53, 10580.30, 10575.86, 10571.77, 10567.35, 10561.71, 10555.16, 10549.41, 10543.84, 10541.39, 10538.95, 10537.59, 10537.31, 10537.33, 10538.97, 10540.93, 10543.10, 10545.37, 10546.22, 10546.48, 10542.43, 10540.11, 10538.28, 10537.10, 10536.33, 10534.98, 10531.83, 10528.82, 10525.70, 10521.68, 10518.26, 10514.97, 10511.58, 10508.14, 10507.62, 10507.95, 10507.85, 10507.70, 10507.00, 10505.35, 10504.62, 10504.26, 10510.25, 10516.41, 10523.75, 10531.40, 10541.08, 10549.69, 10558.78, 10567.33, 10575.76, 10584.82, 10592.37, 10599.43, 10605.35, 10610.92, 10617.65, 10625.03, 10634.36, 10643.50, 10652.63, 10661.71, 10670.11, 10677.57, 10685.19, 10691.14, 10697.69, 10706.27, 10714.25, 10722.36, 10732.66, 10743.70, 10754.57, 10765.02, 10775.24, 10785.22, 10795.78, 10806.61, 10816.69, 10826.74, 10835.89, 10844.55, 10852.87, 10860.75, 10869.62, 10878.68, 10887.90, 10898.02, 10907.91, 10917.76, 10928.69, 10939.74, 10950.40, 10960.91, 10971.99, 10983.05, 10995.55, 11006.95, 11018.39, 11029.73, 11042.22, 11054.22, 11065.02, 11075.73, 11086.61, 11097.26, 11107.73, 11116.71, 11126.07, 11135.49, 11144.41, 11154.13, 11164.25, 11173.96, 11184.90, 11196.46, 11209.36, 11222.61, 11235.99, 11249.67, 11264.13, 11278.25, 11292.60, 11306.76, 11320.12, 11332.53, 11345.40, 11357.31, 11368.74, 11379.18, 11389.57, 11399.62, 11409.75, 11414.59, 11416.70, 11419.61, 11423.31, 11426.87, 11429.89, 11432.45, 11432.29, 11431.75, 11432.88, 11433.42, 11434.32, 11436.44, 11439.15, 11439.36, 11439.01, 11439.15, 11445.21, 11452.65, 11460.38, 11469.35, 11478.08, 11486.33, 11495.28, 11501.64, 11509.35, 11518.70, 11531.43, 11543.31, 11554.20, 11564.12, 11573.77, 11583.68, 11593.12, 11602.87, 11610.60, 11617.08, 11623.92, 11629.50, 11634.81, 11640.08, 11645.37, 11653.37, 11660.29, 11666.33, 11670.22, 11673.26, 11675.82, 11677.29, 11679.25, 11681.24, 11683.22, 11684.44, 11685.69, 11686.31, 11686.77, 11687.13, 11686.33, 11684.44, 11681.32, 11676.79, 11672.92, 11670.06, 11667.35, 11663.27, 11657.26, 11651.36, 11647.36, 11644.95, 11642.22, 11639.62, 11638.55, 11637.34, 11636.84, 11636.15, 11640.19, 11643.60, 11646.18, 11648.42, 11650.74, 11652.58, 11653.84, 11656.98, 11659.40, 11663.57, 11666.93, 11669.05, 11670.34, 11672.13, 11673.97, 11677.46, 11681.04, 11682.77, 11683.95, 11684.53, 11684.33, 11684.34, 11682.32, 11681.29, 11679.63, 11678.23, 11676.42, 11673.95, 11670.91, 11670.57, 11669.35, 11668.96, 11668.14, 11669.84, 11671.46, 11673.33, 11675.38, 11676.43, 11677.78, 11678.74, 11679.94, 11680.97, 11682.15, 11684.11, 11686.39, 11689.22, 11691.87, 11694.36, 11696.57, 11700.61, 11704.97, 11709.27, 11713.40, 11716.41, 11719.83, 11721.58, 11722.99, 11724.69, 11726.33, 11730.76, 11734.74, 11738.58, 11742.96, 11748.06, 11752.58, 11757.40, 11761.68, 11766.49, 11771.62, 11778.77, 11785.70, 11790.74, 11796.09, 11800.04, 11804.72, 11809.45, 11814.07, 11818.78, 11823.57, 11828.49, 11833.03, 11837.48, 11841.64, 11846.52, 11851.44, 11856.51, 11861.14, 11864.49, 11868.23, 11871.60, 11874.06, 11876.40, 11879.75, 11883.85, 11887.37, 11892.89, 11898.46, 11906.55, 11914.97, 11925.70, 11937.14, 11949.18, 11960.36, 11970.36, 11981.87, 11993.34, 12005.25, 12019.36, 12033.26, 12047.73, 12063.31, 12078.35, 12092.55, 12107.28, 12122.44, 12139.36, 12156.80, 12175.69, 12194.86, 12213.75, 12231.53, 12246.86, 12263.00, 12279.11, 12295.95, 12314.72, 12332.77, 12351.90, 12372.45, 12392.06, 12410.68, 12432.56, 12455.77, 12481.58, 12507.72, 12532.71, 12558.67, 12583.90, 12608.51, 12633.28, 12658.59, 12681.50, 12702.95, 12723.22, 12742.86, 12765.64, 12788.86, 12811.37, 12832.85, 12855.88, 12878.74, 12903.79, 12931.31, 12959.01, 12986.02, 13014.43, 13042.10, 13068.73, 13094.61, 13123.05, 13149.32, 13171.74, 13192.40, 13213.11, 13234.74, 13259.50, 13283.98, 13308.21, 13331.88, 13353.78, 13375.07, 13396.54, 13418.14, 13439.70, 13460.14, 13477.21, 13493.07, 13506.26, 13517.81, 13529.66, 13541.29, 13555.14, 13568.62, 13580.24, 13589.45, 13597.18, 13604.26, 13617.83, 13630.67, 13643.80, 13656.64, 13671.43, 13685.01, 13696.23, 13707.99, 13717.57, 13727.99, 13739.35, 13752.48, 13765.36, 13777.10, 13787.75, 13799.08, 13811.31, 13821.73, 13831.02, 13841.60, 13851.56, 13858.53, 13865.39, 13870.44, 13875.62, 13881.29, 13885.80, 13890.85, 13897.15, 13905.09, 13913.04, 13921.03, 13930.35, 13939.21, 13947.27, 13957.51, 13967.78, 13976.69, 13984.34, 14000.05, 14015.36, 14030.92, 14047.41, 14066.63, 14087.47, 14108.04, 14128.87, 14150.35, 14171.99, 14193.96, 14215.69, 14237.45, 14257.44, 14277.68, 14302.26, 14325.01, 14347.60, 14369.82, 14390.94, 14411.91, 14432.45, 14452.24, 14472.39, 14495.47, 14518.60, 14539.35, 14558.91, 14579.15, 14597.94, 14617.25, 14637.21, 14655.60, 14673.93, 14692.66, 14711.71, 14737.69, 14761.79, 14785.48, 14808.91, 14832.24, 14855.77, 14879.74, 14903.33, 14924.85, 14943.78, 14960.82, 14977.58, 14995.49, 15011.99, 15025.52, 15038.75, 15048.44, 15058.09, 15066.79, 15075.90, 15083.02, 15082.42, 15084.81, 15092.10, 15098.26, 15105.16, 15109.02, 15114.45, 15118.68, 15125.94, 15135.87, 15144.55, 15151.08, 15155.31, 15160.35, 15164.76, 15168.09, 15173.91, 15179.54, 15185.21, 15189.50, 15193.07, 15197.79, 15203.29, 15208.09, 15217.14, 15224.30, 15237.93, 15251.79, 15265.83, 15279.93, 15293.07, 15305.73, 15320.69, 15338.53, 15354.73, 15371.13, 15388.18, 15404.25, 15418.73, 15432.60, 15443.99, 15455.70, 15467.76, 15478.44, 15489.56, 15500.03, 15509.47, 15518.08, 15527.31, 15535.34, 15546.71, 15557.74, 15569.69, 15581.80, 15593.58, 15605.08, 15617.50, 15629.39, 15642.52, 15654.73, 15663.71, 15671.87, 15678.57, 15685.25, 15693.21, 15702.22, 15707.91, 15713.36, 15717.66, 15722.14, 15727.76, 15733.64, 15735.84, 15737.88, 15741.59, 15745.06, 15747.52, 15749.19, 15751.39, 15754.75, 15757.95, 15760.71, 15762.28, 15763.58, 15763.80, 15762.65, 15761.32, 15758.89, 15756.17, 15751.71, 15746.16, 15738.76, 15732.19, 15726.62, 15721.77, 15716.62, 15712.14, 15709.98, 15706.94, 15705.18, 15704.88, 15704.45, 15703.81, 15702.75, 15702.75, 15701.99, 15698.71, 15696.37, 15696.65, 15699.22, 15701.45, 15704.48, 15708.24, 15711.34, 15713.60, 15716.95, 15720.35, 15723.86, 15730.41, 15738.94, 15745.90, 15753.15, 15762.49, 15771.92, 15782.18, 15791.83, 15800.47, 15809.33, 15820.61, 15830.79, 15840.36, 15849.62, 15858.64, 15867.64, 15874.74, 15881.14, 15887.68, 15893.63, 15896.66, 15901.04, 15905.23, 15908.90, 15913.54, 15918.53, 15925.46, 15933.29, 15941.52, 15952.60, 15967.22, 15980.13, 15991.40, 16002.10, 16013.83, 16025.95, 16037.04, 16046.55, 16053.65, 16059.76)
f_stopLong() => array.from<float>(10379.25, 10381.56, 10375.82, 10381.71, 11527.39, 11529.48, 11530.74, 11536.88, 11538.15, 11540.63, 11541.01, 11545.45, 11489.97, 11480.66, 11468.10, 11455.22, 11408.27, 11407.83, 11389.30, 11380.26, 11351.76, 11359.79, 11370.20, 9440.32, 9448.11, 9458.73, 9462.68, 9463.68, 9473.39, 9484.22, 9495.58, 9504.15, 9508.34, 9516.75, 9512.16, 9501.86, 9509.51, 9514.60, 9724.84, 9729.96, 9723.51, 9724.59, 9728.24, 9735.67, 9740.24, 9748.57, 9878.28, 9883.07, 9884.80, 9892.27, 9891.22, 9889.31, 9893.75, 9879.09, 9886.16, 9879.55, 9883.92, 9888.53, 9884.62, 9882.24, 9886.49, 9891.95, 9892.64, 9897.17, 9900.02, 9904.26, 9901.50, 9902.72, 9901.14, 9906.40, 9909.07, 9914.85, 9913.64, 9915.10, 9917.33, 9914.13, 9905.54, 9908.24, 9908.60, 9743.77, 9725.77, 9725.53, 9729.34, 9733.97, 9735.89, 9737.99, 9737.80, 9737.49, 9739.06, 9734.38, 9734.08, 9738.84, 9741.28, 9741.68, 9739.61, 9735.43, 9736.41, 9733.17, 9736.51, 9738.32, 9736.06, 9742.17, 9745.60, 9746.48, 9750.47, 9752.84, 9749.57, 9750.52, 9751.49, 9751.76, 9736.46, 9772.05, 9771.76, 9773.09, 9775.64, 9771.89, 9775.42, 9780.10, 9782.93, 9780.15, 9783.53, 9758.95, 9755.27, 9759.12, 9757.42, 9971.82, 9975.20, 9971.37, 9972.12, 9971.97, 9971.98, 9970.92, 9975.56, 9977.79, 9953.58, 9940.37, 9943.53, 9949.31, 9954.45, 9958.88, 9959.61, 9957.36, 9955.85, 9918.09, 9923.13, 10116.41, 10118.63, 10111.44, 10110.71, 10111.53, 10115.98, 10122.13, 10122.67, 10119.59, 10124.66, 10119.20, 10124.46, 10125.91, 10130.31, 10973.80, 10980.51, 10982.18, 10982.33, 10983.12, 10986.78, 10990.48, 10976.78, 10977.24, 10969.61, 10974.74, 10980.26, 10972.02, 10975.63, 10981.48, 10985.77, 10992.01, 10994.65, 10994.13, 10990.26, 10992.66, 11607.24, 11608.37, 11612.34, 11615.98, 11618.19, 11615.92, 11618.45, 11616.48, 11507.76, 11510.37, 11513.05, 11504.58, 11509.79, 11512.41, 11516.02, 11514.77, 11518.62, 11514.04, 11513.56, 11842.54, 11845.37, 11842.81, 11846.61, 11844.37, 11847.21, 11847.58, 11851.64, 12009.74, 12004.75, 12007.22, 12008.39, 12007.74, 11907.91, 11910.54, 11911.14, 11906.74, 11906.27, 11899.49, 11899.48, 11901.08, 11899.10, 11898.24, 11902.72, 11903.33, 11901.60, 11902.82, 11903.10, 11902.26, 11903.06, 11904.97, 11902.27, 11901.42, 11903.52, 11905.93, 11854.22, 11841.24, 11841.60, 11844.25, 11848.87, 11401.00, 11391.15, 11381.56, 11387.06, 11386.69, 11382.56, 11386.89, 11177.30, 11174.43, 11166.14, 11170.59, 11169.85, 11130.80, 11134.89, 11143.90, 11147.04, 11147.12, 11152.47, 11156.41, 11149.14, 11151.49, 11142.09, 11129.84, 11915.25, 11918.63, 11923.27, 11910.09, 11917.77, 11924.79, 11929.84, 12106.43, 12107.70, 12114.86, 12116.81, 12121.28, 12126.08, 12129.72, 12117.81, 12115.64, 12119.68, 11875.58, 11879.13, 11883.14, 11884.77, 11885.81, 11890.30, 11891.94, 11623.44, 11624.21, 11622.26, 11627.19, 11629.79, 11628.90, 11628.30, 11629.46, 11625.68, 11622.73, 11620.13, 11619.06, 11618.42, 11007.80, 11008.95, 10999.95, 10997.18, 10714.55, 10718.49, 10713.32, 10719.80, 10722.94, 10728.99, 10692.06, 10699.66, 10706.87, 10714.90, 10722.49, 10726.65, 10733.95, 10731.18, 10736.49, 10732.52, 10735.73, 10730.79, 10735.48, 10732.92, 10739.75, 10738.85, 10745.04, 11589.61, 11591.72, 11583.02, 11588.67, 11591.65, 11567.74, 11570.22, 11575.08, 11579.22, 11034.63, 11040.06, 11043.54, 11035.38, 11035.25, 11036.16, 11156.22, 11147.81, 11155.11, 11156.12, 11161.50, 11162.36, 11167.06, 11166.76, 11171.41, 11174.48, 11170.01, 11573.63, 11578.27, 11581.10, 11582.51, 11586.50, 11591.70, 11584.71, 11586.56, 11589.78, 11595.33, 11590.12, 11590.09, 11587.31, 11590.32, 11591.66, 11596.78, 11583.50, 11694.11, 11696.31, 11700.14, 11701.50, 11698.56, 11702.09, 11701.64, 11701.82, 11705.53, 11698.28, 11704.64, 11699.34, 11704.32, 11703.00, 11703.99, 11704.85, 11710.16, 12071.51, 12075.27, 12076.34, 12077.00, 12077.99, 12080.61, 12078.72, 12116.68, 12118.62, 12122.60, 12119.70, 12121.18, 12121.19, 12120.09, 12121.45, 12119.87, 12118.34, 12121.04, 11946.45, 11949.69, 11936.69, 11941.74, 11931.28, 11933.06, 11933.59, 11931.65, 11930.26, 11923.38, 11921.60, 11923.99, 12785.12, 12786.25, 12785.92, 12784.44, 12787.14, 12789.84, 12789.83, 12785.64, 12782.04, 12783.73, 13283.96, 13283.54, 13284.83, 13279.16, 13269.14, 13266.60, 13262.30, 13260.26, 13249.61, 13546.30, 13543.00, 13544.26, 13541.07, 13546.98, 13533.39, 13533.44, 13526.30, 13522.10, 13520.18, 13522.62, 13519.90, 13524.78, 13524.82, 13528.49, 13526.62, 13528.85, 13531.70, 13534.70, 13521.70, 13526.38, 13532.27, 14413.04, 14412.24, 14419.93, 14413.32, 14405.30, 14404.49, 14408.35, 14399.63, 14401.51, 14404.75, 14404.73, 14394.43, 14377.68, 14368.23, 14371.99, 14376.94, 14376.83, 14365.66, 14988.77, 14989.75, 14999.97, 14995.11, 14998.54, 14990.03, 15000.63, 15001.49, 14992.58, 14970.66, 14971.67, 14961.12, 14962.02, 14961.28, 14963.21, 14956.16, 14966.27, 14336.85, 14336.46, 14329.61, 14333.52, 14304.83, 14314.70, 13885.77, 13890.91, 13892.44, 13891.26, 13884.46, 13890.39, 13890.37, 13896.63, 13905.40, 13907.38, 14375.82, 14379.73, 14385.98, 14365.39, 14355.59, 14360.29, 14367.30, 14371.19, 14377.63, 14373.10, 14383.82, 14386.03, 14395.86, 14404.00, 14405.67, 14405.21, 14403.79, 14399.61, 14104.05, 14112.27, 14112.26, 14117.34, 14121.61, 14114.65, 14122.41, 14122.42, 14124.27, 14078.21, 14082.56, 14090.28, 14495.77, 14488.02, 14486.81, 14483.36, 14490.91, 14481.44, 14478.66, 14486.54, 14494.76, 14497.02, 14495.07, 14501.41, 14480.45, 14484.00, 15957.37, 15954.59, 15961.04, 15966.94, 15971.06, 15974.40, 15978.34, 15968.27, 15970.62, 15969.69, 15977.01, 15980.15, 15980.59, 15981.93, 15985.89, 15986.28, 15990.01, 15990.75, 15987.51, 15949.71, 15951.76, 15958.48, 15962.88, 15965.13, 15965.79, 15967.87, 15971.26, 16845.19, 16841.83, 16842.40, 16849.98, 16852.66, 16853.95, 16843.20, 16846.50, 16836.59, 16837.72, 16840.21, 16835.51, 16834.01, 16794.45, 16781.22, 16761.91, 16772.41, 16782.37, 16780.69, 16786.41, 16788.56, 16782.17, 16779.97, 16787.24, 16784.89, 16766.59, 16765.70, 16774.27, 16783.90, 16782.50, 15199.26, 15203.76, 15208.82, 15210.47, 15208.88, 15210.78, 15205.74, 15188.22, 15182.93, 15155.04, 15171.58, 15180.93, 15189.53, 15199.09, 15208.76, 15203.18, 15196.14, 15203.62, 16281.24, 16287.19, 16295.59, 16294.11, 16300.57, 16300.93, 16309.03, 16301.35, 16306.70, 16313.29, 16314.62, 16315.76, 16320.95, 16321.99, 16323.74, 16313.11, 16319.42, 16321.37, 16038.26, 16044.29, 16051.52, 16045.43, 16054.25, 16052.60, 16479.07, 16466.97, 16470.34, 16471.15, 16478.91, 16470.79, 16469.92, 16458.51, 16467.90, 16471.04, 16478.02, 16480.53, 16486.77, 16473.85, 16479.52, 16479.91, 16484.58, 16486.32, 16490.81, 16493.92, 16491.34, 16495.17, 16497.68, 15658.41, 15663.21, 15664.50, 15664.80, 15669.08, 15665.04, 15666.42, 15661.73, 15662.20, 15658.84, 15661.15, 15657.35, 15660.02, 14771.51, 14771.86, 14765.60, 14759.32, 14761.48, 14762.51, 14768.07, 14768.07, 14767.25, 14768.00, 14772.42, 14760.78, 14759.89, 14752.71, 14746.93, 15066.34, 15070.94, 15070.81, 15076.63, 15080.55, 15078.16, 15078.23, 15084.03, 15074.04, 15695.44, 15698.34, 15703.87, 15699.62, 15702.45, 15700.33, 15703.51, 15699.90, 15704.45, 15694.22, 15696.80, 15695.06, 16412.64, 16418.94, 16426.59, 16420.58, 16418.75, 16414.54, 16412.78, 16400.86, 16396.72, 16394.77, 16399.18, 15905.28, 15907.71, 15904.49, 15910.94, 15917.34, 15902.03, 15889.85, 15887.46, 15891.95, 15895.39, 15900.46, 15898.99, 15896.66, 16739.34, 16727.16, 16725.94)
f_swingLow() => array.from<float>(10526.19, 10526.19, 10526.19, 10526.19, 11670.39, 11670.39, 11670.39, 11670.39, 11670.39, 11670.39, 11670.39, 11670.39, 11670.39, 11670.39, 11670.39, 11670.39, 11670.39, 11670.39, 11670.39, 11670.39, 11670.39, 11670.39, 11670.39, 9733.55, 9733.55, 9733.55, 9733.55, 9733.55, 9733.55, 9733.55, 9733.55, 9733.55, 9733.55, 9733.55, 9733.55, 9733.55, 9733.55, 9733.55, 9942.36, 9942.36, 9942.36, 9942.36, 9942.36, 9942.36, 9942.36, 9942.36, 10062.97, 10062.97, 10062.97, 10062.97, 10062.97, 10062.97, 10062.97, 10042.17, 10042.17, 10042.17, 10042.17, 10042.17, 10033.29, 10033.29, 10033.29, 10033.29, 10033.29, 10033.29, 10033.29, 10033.29, 10033.29, 10033.29, 10033.29, 10033.29, 10033.29, 10033.29, 10033.29, 10033.29, 10033.29, 10033.29, 10033.29, 10033.29, 10033.29, 9868.82, 9868.82, 9868.82, 9868.82, 9868.82, 9868.82, 9868.82, 9868.82, 9868.82, 9868.82, 9868.82, 9868.82, 9868.82, 9868.82, 9868.82, 9868.82, 9868.82, 9868.82, 9868.82, 9868.82, 9868.82, 9868.82, 9868.82, 9868.82, 9868.82, 9868.82, 9868.82, 9868.82, 9868.82, 9868.82, 9868.82, 9868.82, 9899.90, 9899.90, 9899.90, 9899.90, 9899.90, 9899.90, 9899.90, 9899.90, 9899.90, 9899.90, 9899.90, 9899.90, 9899.90, 9899.90, 10112.27, 10112.27, 10112.27, 10112.27, 10112.27, 10112.27, 10112.27, 10112.27, 10112.27, 10082.39, 10082.39, 10082.39, 10082.39, 10082.39, 10082.39, 10082.39, 10082.39, 10082.39, 10082.39, 10082.39, 10277.01, 10277.01, 10277.01, 10277.01, 10277.01, 10277.01, 10277.01, 10277.01, 10277.01, 10277.01, 10277.01, 10277.01, 10277.01, 10277.01, 11127.44, 11127.44, 11127.44, 11127.44, 11127.44, 11127.44, 11127.44, 11127.44, 11127.44, 11127.44, 11127.44, 11127.44, 11127.44, 11127.44, 11127.44, 11127.44, 11127.44, 11127.44, 11127.44, 11127.44, 11127.44, 11737.55, 11737.55, 11737.55, 11737.55, 11737.55, 11737.55, 11737.55, 11737.55, 11628.70, 11628.70, 11628.70, 11628.70, 11628.70, 11628.70, 11628.70, 11628.70, 11628.70, 11628.70, 11628.70, 11953.31, 11953.31, 11953.31, 11953.31, 11953.31, 11953.31, 11953.31, 11953.31, 12109.69, 12109.69, 12109.69, 12109.69, 12109.69, 12009.78, 12009.78, 12009.78, 12009.78, 12009.78, 12009.78, 12009.78, 12009.78, 12009.78, 12009.78, 12009.78, 12009.78, 12009.78, 12009.78, 12009.78, 12009.78, 12009.78, 12009.78, 12009.78, 12009.78, 12009.78, 12009.78, 12009.78, 12009.78, 12009.78, 12009.78, 12009.78, 11558.44, 11558.44, 11558.44, 11558.44, 11558.44, 11558.44, 11558.44, 11348.82, 11348.82, 11348.82, 11348.82, 11348.82, 11348.82, 11348.82, 11348.82, 11348.82, 11341.43, 11341.43, 11341.43, 11341.43, 11341.43, 11341.43, 11341.43, 12117.15, 12117.15, 12117.15, 12117.15, 12117.15, 12117.15, 12117.15, 12295.59, 12295.59, 12295.59, 12295.59, 12295.59, 12295.59, 12295.59, 12295.59, 12295.59, 12295.59, 12055.34, 12055.34, 12055.34, 12055.34, 12055.34, 12055.34, 12055.34, 11785.56, 11785.56, 11785.56, 11785.56, 11785.56, 11785.56, 11785.56, 11785.56, 11785.56, 11785.56, 11785.56, 11785.56, 11785.56, 11188.54, 11188.54, 11188.54, 11188.54, 10899.61, 10899.61, 10899.61, 10899.61, 10899.61, 10899.61, 10899.61, 10899.61, 10899.61, 10899.61, 10899.61, 10899.61, 10899.61, 10899.61, 10899.61, 10899.61, 10899.61, 10899.61, 10899.61, 10899.61, 10899.61, 10899.61, 10899.61, 11750.30, 11750.30, 11750.30, 11750.30, 11750.30, 11750.30, 11750.30, 11750.30, 11750.30, 11203.11, 11203.11, 11203.11, 11203.11, 11203.11, 11203.11, 11317.61, 11317.61, 11317.61, 11317.61, 11317.61, 11317.61, 11317.61, 11317.61, 11317.61, 11317.61, 11317.61, 11720.50, 11720.50, 11720.50, 11720.50, 11720.50, 11720.50, 11720.50, 11720.50, 11720.50, 11720.50, 11720.50, 11720.50, 11720.50, 11720.50, 11720.50, 11720.50, 11720.50, 11827.60, 11827.60, 11827.60, 11827.60, 11827.60, 11827.60, 11827.60, 11827.60, 11827.60, 11827.60, 11827.60, 11827.60, 11827.60, 11827.60, 11827.60, 11827.60, 11827.60, 12186.65, 12186.65, 12186.65, 12186.65, 12186.65, 12186.65, 12186.65, 12222.03, 12222.03, 12222.03, 12222.03, 12222.03, 12222.03, 12222.03, 12222.03, 12222.03, 12222.03, 12222.03, 12055.22, 12055.22, 12055.22, 12055.22, 12055.22, 12055.22, 12055.22, 12055.22, 12055.22, 12055.22, 12055.22, 12055.22, 12929.65, 12929.65, 12929.65, 12929.65, 12929.65, 12929.65, 12929.65, 12929.65, 12929.65, 12929.65, 13434.77, 13434.77, 13434.77, 13434.77, 13434.77, 13434.77, 13434.77, 13434.77, 13434.77, 13726.81, 13726.81, 13726.81, 13726.81, 13726.81, 13726.81, 13726.81, 13726.81, 13726.81, 13726.81, 13726.81, 13726.81, 13726.81, 13726.81, 13726.81, 13726.81, 13726.81, 13726.81, 13726.81, 13726.81, 13726.81, 13726.81, 14604.97, 14604.97, 14604.97, 14604.97, 14604.97, 14604.97, 14604.97, 14604.97, 14604.97, 14604.97, 14604.97, 14604.97, 14604.97, 14604.97, 14604.97, 14604.97, 14604.97, 14604.97, 15220.01, 15220.01, 15220.01, 15220.01, 15220.01, 15220.01, 15220.01, 15220.01, 15220.01, 15220.01, 15220.01, 15220.01, 15220.01, 15220.01, 15220.01, 15220.01, 15220.01, 14592.48, 14592.48, 14592.48, 14592.48, 14592.48, 14592.48, 14153.82, 14153.82, 14153.82, 14153.82, 14153.82, 14153.82, 14153.82, 14153.82, 14153.82, 14153.82, 14614.50, 14614.50, 14614.50, 14614.50, 14614.50, 14614.50, 14614.50, 14614.50, 14614.50, 14614.50, 14614.50, 14614.50, 14614.50, 14614.50, 14614.50, 14614.50, 14614.50, 14614.50, 14311.38, 14311.38, 14311.38, 14311.38, 14311.38, 14311.38, 14311.38, 14311.38, 14311.38, 14311.38, 14311.38, 14311.38, 14713.34, 14713.34, 14713.34, 14713.34, 14713.34, 14713.34, 14713.34, 14713.34, 14713.34, 14713.34, 14713.34, 14713.34, 14713.34, 14713.34, 16183.11, 16183.11, 16183.11, 16183.11, 16183.11, 16183.11, 16183.11, 16183.11, 16183.11, 16183.11, 16183.11, 16183.11, 16183.11, 16183.11, 16183.11, 16183.11, 16183.11, 16183.11, 16183.11, 16183.11, 16183.11, 16183.11, 16183.11, 16183.11, 16183.11, 16183.11, 16183.11, 17056.85, 17056.85, 17056.85, 17056.85, 17056.85, 17056.85, 17056.85, 17056.85, 17056.85, 17056.85, 17056.85, 17056.85, 17056.85, 17056.85, 17056.85, 17056.85, 17056.85, 17056.85, 17056.85, 17056.85, 17056.85, 17056.85, 17056.85, 17056.85, 17056.85, 17056.85, 17056.85, 17056.85, 17056.85, 17056.85, 15461.54, 15461.54, 15461.54, 15461.54, 15461.54, 15461.54, 15461.54, 15461.54, 15461.54, 15461.54, 15463.79, 15463.79, 15463.79, 15463.79, 15463.79, 15463.79, 15463.79, 15463.79, 16542.47, 16542.47, 16542.47, 16542.47, 16542.47, 16542.47, 16542.47, 16542.47, 16542.47, 16542.47, 16542.47, 16542.47, 16542.47, 16542.47, 16542.47, 16542.47, 16542.47, 16542.47, 16252.84, 16252.84, 16252.84, 16252.84, 16252.84, 16252.84, 16681.20, 16681.20, 16681.20, 16681.20, 16681.20, 16681.20, 16681.20, 16681.20, 16681.20, 16681.20, 16681.20, 16681.20, 16681.20, 16681.20, 16681.20, 16681.20, 16681.20, 16681.20, 16681.20, 16681.20, 16681.20, 16681.20, 16681.20, 15852.17, 15852.17, 15852.17, 15852.17, 15852.17, 15852.17, 15852.17, 15852.17, 15852.17, 15852.17, 15852.17, 15852.17, 15852.17, 14958.75, 14958.75, 14958.75, 14958.75, 14958.75, 14958.75, 14958.75, 14958.75, 14958.75, 14958.75, 14958.75, 14958.75, 14958.75, 14958.75, 14958.75, 15277.02, 15277.02, 15277.02, 15277.02, 15277.02, 15277.02, 15277.02, 15277.02, 15277.02, 15902.43, 15902.43, 15902.43, 15902.43, 15902.43, 15902.43, 15902.43, 15902.43, 15902.43, 15902.43, 15902.43, 15902.43, 16610.64, 16610.64, 16610.64, 16610.64, 16610.64, 16610.64, 16610.64, 16610.64, 16610.64, 16610.64, 16610.64, 16120.41, 16120.41, 16120.41, 16120.41, 16120.41, 16120.41, 16120.41, 16120.41, 16120.41, 16120.41, 16120.41, 16120.41, 16120.41, 16959.25, 16959.25, 16959.25)
f_swingHigh() => array.from<float>(11904.81, 11904.81, 11904.81, 11904.81, 11904.81, 11904.81, 11904.81, 11904.81, 11904.81, 11904.81, 11904.81, 11904.81, 12174.18, 12174.18, 12174.18, 12174.18, 12174.18, 12174.18, 12174.18, 12174.18, 12174.18, 12174.18, 12174.18, 12174.18, 10805.18, 10805.18, 10805.18, 10805.18, 10727.25, 10727.25, 10727.25, 10727.25, 10727.25, 10727.25, 10727.25, 10727.25, 10727.25, 10727.25, 10727.25, 10727.25, 10727.25, 10427.93, 10427.93, 10427.93, 10427.93, 10427.93, 10427.93, 10427.93, 10427.93, 10427.93, 10427.93, 10427.93, 10427.93, 10427.93, 10427.93, 10427.93, 10427.93, 10427.93, 10427.93, 10427.93, 10427.93, 10427.93, 10427.93, 10427.93, 10427.93, 10427.93, 10427.93, 10427.93, 10427.93, 10427.93, 10427.93, 10427.93, 10427.93, 10427.93, 10427.93, 10427.93, 10070.75, 10070.75, 10070.75, 10070.75, 10070.75, 10070.75, 10070.75, 10070.75, 10070.75, 10739.16, 10739.16, 10739.16, 10739.16, 10737.65, 10737.65, 10737.65, 10737.65, 10737.65, 10737.65, 10737.65, 10737.65, 10737.65, 10737.65, 10459.11, 10459.11, 10459.11, 10459.11, 10459.11, 10459.11, 10459.11, 10459.11, 10459.11, 10459.11, 10459.11, 10459.11, 10459.11, 10459.11, 10459.11, 10459.11, 10459.11, 10459.11, 10459.11, 10459.11, 10459.11, 10459.11, 10459.11, 10459.11, 10459.11, 10459.11, 10459.11, 10459.11, 10459.11, 10505.29, 10505.29, 10505.29, 10505.29, 10505.29, 10505.29, 10505.29, 10505.29, 10505.29, 10505.29, 10505.29, 10505.29, 10553.39, 10553.39, 10553.39, 10553.39, 10553.39, 10553.39, 10553.39, 10553.39, 10553.39, 10553.39, 10553.39, 11551.23, 11551.23, 11551.23, 11551.23, 11551.23, 11551.23, 11551.23, 11551.23, 11551.23, 11551.23, 11551.23, 11551.23, 11551.23, 11551.23, 11674.95, 11674.95, 11674.95, 11674.95, 11674.95, 11674.95, 11674.95, 11674.95, 11674.95, 11674.95, 11674.95, 11674.95, 11877.84, 11877.84, 11877.84, 11877.84, 11877.84, 12033.62, 12033.62, 12033.62, 12033.62, 12033.62, 12033.62, 12033.62, 12033.62, 12033.62, 12033.62, 12033.62, 12033.62, 12033.62, 12131.94, 12131.94, 12131.94, 12131.94, 12131.94, 12131.94, 12257.68, 12257.68, 12257.68, 12257.68, 12301.70, 12301.70, 12301.70, 12301.70, 12301.70, 12301.70, 12301.70, 12301.70, 12301.70, 12301.70, 12301.70, 12301.70, 12301.70, 12301.70, 12301.70, 12301.70, 12301.70, 12301.70, 12301.70, 12301.70, 12301.70, 12301.70, 12301.70, 12826.38, 12826.38, 12826.38, 12826.38, 12826.38, 12826.38, 12826.38, 12826.38, 12826.38, 12826.38, 12826.38, 12826.38, 12826.38, 12826.38, 12826.38, 12826.38, 11964.92, 11964.92, 11964.92, 11964.92, 11964.92, 11964.92, 11964.92, 11858.60, 11858.60, 11858.60, 11858.60, 11858.60, 11858.60, 11858.60, 11858.60, 11858.60, 11858.60, 11858.60, 11858.60, 11858.60, 11858.60, 12820.44, 12820.44, 12820.44, 12820.44, 12820.44, 12820.44, 12820.44, 12820.44, 12820.44, 12820.44, 12820.44, 12820.44, 12820.44, 12820.44, 12820.44, 12502.29, 12502.29, 12502.29, 12502.29, 12502.29, 12502.29, 12502.29, 12502.29, 12502.29, 11984.92, 11984.92, 11984.92, 11984.92, 11984.92, 11984.92, 11984.92, 11984.92, 11984.92, 11984.92, 11984.92, 11984.92, 11494.31, 11494.31, 11494.31, 11494.31, 11494.31, 11494.31, 11494.31, 11494.31, 11494.31, 11494.31, 11494.31, 11494.31, 12254.79, 12254.79, 12254.79, 12254.79, 12254.79, 12254.79, 12254.79, 12254.79, 12254.79, 12119.13, 12119.13, 12119.13, 12119.13, 12119.13, 12119.13, 12119.13, 12066.25, 12066.25, 12066.25, 12066.25, 12066.25, 12066.25, 12066.25, 12066.25, 12066.25, 12066.25, 12066.25, 12066.25, 12066.25, 12066.25, 12066.25, 12066.25, 12066.25, 12066.25, 12066.25, 11981.00, 11981.00, 11981.00, 11981.00, 11981.00, 11981.00, 11981.00, 11981.00, 11981.00, 11981.00, 11981.00, 11981.00, 11981.00, 11981.00, 11981.00, 11981.00, 12218.49, 12218.49, 12218.49, 12218.49, 12218.49, 12218.49, 12218.49, 12218.49, 12218.49, 12218.49, 12218.49, 12218.49, 12286.94, 12286.94, 12286.94, 12286.94, 12286.94, 12286.94, 12504.90, 12504.90, 12504.90, 12504.90, 12504.90, 12504.90, 12356.90, 12356.90, 12356.90, 12356.90, 12372.39, 12372.39, 12372.39, 12372.39, 12372.39, 12372.39, 12419.11, 12419.11, 12419.11, 12419.11, 12419.11, 12419.11, 12419.11, 12419.11, 12419.11, 12419.11, 12419.11, 12419.11, 12419.11, 12419.11, 12419.11, 12419.11, 13190.36, 13190.36, 13190.36, 13190.36, 13190.36, 13190.36, 13190.36, 13190.36, 13190.36, 13643.10, 13643.10, 13643.10, 13643.10, 13643.10, 13643.10, 13643.10, 13643.10, 13643.10, 13643.10, 14201.40, 14201.40, 14201.40, 14201.40, 14201.40, 14201.40, 14201.40, 14201.40, 14201.40, 14201.40, 14201.40, 14201.40, 14201.40, 14201.40, 14201.40, 14201.40, 14201.40, 14201.40, 14201.40, 14201.40, 14201.40, 14201.40, 14201.40, 14201.40, 14201.40, 14201.40, 14201.40, 14201.40, 14201.40, 14201.40, 14201.40, 14201.40, 14201.40, 14201.40, 14201.40, 15991.90, 15991.90, 15991.90, 15991.90, 16014.02, 16014.02, 16014.02, 16014.02, 16014.02, 16014.02, 16014.02, 15780.29, 15780.29, 15780.29, 15780.29, 15780.29, 15780.29, 15780.29, 15756.54, 15756.54, 15756.54, 15756.54, 15756.54, 15756.54, 15756.54, 15756.54, 15053.18, 15053.18, 15053.18, 15053.18, 15053.18, 15053.18, 15053.18, 15053.18, 15053.18, 15053.18, 15053.18, 15292.87, 15292.87, 15292.87, 15292.87, 15292.87, 15292.87, 15292.87, 15292.87, 15292.87, 15292.87, 15292.87, 15292.87, 15292.87, 15292.87, 15292.87, 15292.87, 15292.87, 15292.87, 15292.87, 15292.87, 15292.87, 15292.87, 15292.87, 15292.87, 15292.87, 15292.87, 15292.87, 15292.87, 15292.87, 15292.87, 15292.87, 15292.87, 15292.87, 15292.87, 15292.87, 15292.87, 15292.87, 15292.87, 15292.87, 15292.87, 15292.87, 15292.87, 16556.87, 16556.87, 16556.87, 16556.87, 16556.87, 16556.87, 16556.87, 16753.33, 16753.33, 16753.33, 16753.33, 16753.33, 16753.33, 16753.33, 16753.33, 16753.33, 16753.33, 16753.33, 16753.33, 16753.33, 16753.33, 16753.33, 16753.33, 16753.33, 16753.33, 16753.33, 16753.33, 16753.33, 17332.07, 17332.07, 17332.07, 17332.07, 17332.07, 17332.07, 17332.07, 17376.91, 17376.91, 17376.91, 17376.91, 17376.91, 17376.91, 17376.91, 17376.91, 17376.91, 17376.91, 17376.91, 17376.91, 17376.91, 17376.91, 17376.91, 17376.91, 17376.91, 17376.91, 17376.91, 17376.91, 17376.91, 17376.91, 17376.91, 17376.91, 16167.04, 16167.04, 16167.04, 16167.04, 16167.04, 16167.04, 16167.04, 16167.04, 15845.40, 15845.40, 15845.40, 15845.40, 15845.40, 15845.40, 15845.40, 15845.40, 15845.40, 15845.40, 16777.50, 16777.50, 16777.50, 16777.50, 16777.50, 16777.50, 16777.50, 17213.16, 17213.16, 17213.16, 17213.16, 17213.16, 17213.16, 17213.16, 16961.99, 16961.99, 16961.99, 16961.99, 16961.99, 16961.99, 16961.99, 16961.99, 16961.99, 16961.99, 16961.99, 16961.99, 16961.99, 16961.99, 16961.99, 16961.99, 16961.99, 17076.50, 17076.50, 17076.50, 17076.50, 17076.50, 17076.50, 16693.98, 16693.98, 16693.98, 16693.98, 16693.98, 16693.98, 16693.98, 16693.98, 16693.98, 16693.98, 16203.15, 16203.15, 16203.15, 16203.15, 16203.15, 16208.26, 16208.26, 16208.26, 16208.26, 16208.26, 16208.26, 16208.26, 16208.26, 16208.26, 16208.26, 16208.26, 16208.26, 16208.26, 16208.26, 16208.26, 16208.26, 16208.26, 16208.26, 16208.26, 16208.26, 16208.26, 16208.26, 15762.33, 15762.33, 15762.33, 15762.33, 15762.33, 15762.33, 15762.33, 15762.33, 15762.33, 15762.33, 16213.83, 16213.83, 16213.83, 16213.83, 16213.83, 16213.83, 16213.83, 16213.83, 16213.83, 16213.83, 16213.83, 16213.83, 16940.51, 16940.51, 16940.51, 16940.51, 17032.50, 17032.50, 17032.50, 17032.50, 17032.50, 17032.50, 17032.50, 17032.50, 17032.50, 17032.50, 17032.50, 17032.50, 17032.50, 17032.50, 17032.50, 17032.50, 17032.50, 17032.50, 17032.50, 17032.50, 17032.50, 17516.10, 17516.10, 17516.10, 17516.10, 17349.00)
f_donHigh() => array.from<float>(11904.81, 11904.81, 11904.81, 11937.78, 11955.00, 12045.82, 12045.82, 12107.11, 12137.53, 12174.18, 12174.18, 12174.18, 12174.18, 12174.18, 12174.18, 12174.18, 12174.18, 12174.18, 12174.18, 12174.18, 12174.18, 12174.18, 12174.18, 12174.18, 12174.18, 12174.18, 12174.18, 12174.18, 12174.18, 12160.42, 12110.88, 12071.47, 11538.29, 11238.96, 11238.96, 11034.55, 10805.18, 10805.18, 10805.18, 10805.18, 10805.18, 10727.25, 10727.25, 10727.25, 10727.25, 10637.98, 10553.17, 10553.17, 10500.52, 10500.52, 10500.52, 10460.76, 10427.93, 10427.93, 10427.93, 10427.93, 10427.93, 10427.93, 10416.89, 10416.89, 10416.89, 10406.96, 10406.96, 10406.96, 10406.96, 10406.96, 10406.96, 10406.96, 10406.96, 10406.96, 10406.96, 10406.96, 10406.96, 10406.96, 10406.96, 10406.96, 10406.96, 10406.96, 10406.96, 10406.96, 10406.96, 10664.30, 10739.16, 10739.16, 10739.16, 10739.16, 10739.16, 10739.16, 10739.16, 10739.16, 10739.16, 10739.16, 10739.16, 10739.16, 10739.16, 10739.16, 10739.16, 10739.16, 10739.16, 10739.16, 10739.16, 10739.16, 10737.65, 10737.65, 10737.65, 10737.65, 10671.10, 10625.28, 10625.28, 10625.28, 10509.38, 10509.38, 10459.11, 10459.11, 10510.18, 10544.67, 10544.67, 10755.15, 10774.64, 10813.57, 10813.57, 10813.57, 10813.57, 10813.57, 10813.57, 10813.57, 10813.57, 10813.57, 10813.57, 10813.57, 10813.57, 10813.57, 10813.57, 10813.57, 10813.57, 10813.57, 10813.57, 10813.57, 10813.57, 10728.43, 10631.29, 10553.39, 10553.39, 10553.39, 11124.32, 11164.11, 11307.79, 11357.65, 11551.23, 11551.23, 11551.23, 11551.23, 11551.23, 11551.23, 11551.23, 11551.23, 11551.23, 11551.23, 11551.23, 11551.23, 11603.15, 11603.15, 11674.95, 11674.95, 11674.95, 11674.95, 11674.95, 11674.95, 11674.95, 11674.95, 11674.95, 11674.95, 11791.88, 11851.64, 11877.84, 11877.84, 11877.84, 11877.84, 11918.77, 12033.62, 12033.62, 12033.62, 12033.62, 12033.62, 12033.62, 12033.62, 12033.62, 12033.62, 12033.62, 12033.62, 12033.62, 12033.62, 12131.94, 12131.94, 12131.94, 12131.94, 12131.94, 12131.94, 12257.68, 12257.68, 12257.68, 12257.68, 12301.70, 12301.70, 12301.70, 12301.70, 12301.70, 12301.70, 12301.70, 12301.70, 12301.70, 12301.70, 12301.70, 12301.70, 12301.70, 12301.70, 12301.70, 12372.06, 12544.76, 12567.39, 12613.84, 12639.80, 12733.16, 12733.16, 12740.45, 12826.38, 12826.38, 12826.38, 12826.38, 12826.38, 12826.38, 12826.38, 12826.38, 12826.38, 12826.38, 12826.38, 12826.38, 12826.38, 12826.38, 12826.38, 12826.38, 12826.38, 12826.38, 12826.38, 12826.38, 12722.24, 12685.56, 12685.56, 12625.71, 12579.63, 12536.22, 12489.34, 12446.72, 12446.72, 12446.72, 12378.08, 12386.36, 12411.16, 12441.41, 12441.41, 12441.41, 12497.57, 12820.44, 12820.44, 12820.44, 12820.44, 12820.44, 12820.44, 12820.44, 12820.44, 12820.44, 12820.44, 12820.44, 12820.44, 12820.44, 12820.44, 12820.44, 12820.44, 12820.44, 12820.44, 12820.44, 12820.44, 12798.06, 12687.99, 12673.98, 12673.98, 12629.92, 12629.92, 12614.84, 12549.12, 12502.29, 12502.29, 12502.29, 12502.29, 12502.29, 12502.29, 12502.29, 12474.55, 12356.63, 12231.38, 12082.04, 12048.15, 11984.92, 11984.92, 11984.92, 11984.92, 11905.42, 11899.06, 11888.63, 11812.13, 12254.79, 12254.79, 12254.79, 12254.79, 12254.79, 12254.79, 12254.79, 12254.79, 12254.79, 12254.79, 12254.79, 12254.79, 12254.79, 12254.79, 12254.79, 12254.79, 12254.79, 12254.79, 12254.79, 12254.79, 12119.13, 12119.13, 12119.13, 12119.13, 12119.13, 12119.13, 12119.13, 12119.13, 12119.13, 12092.69, 12066.25, 12066.25, 12066.25, 12066.25, 12066.25, 12066.25, 12021.98, 11988.97, 11988.97, 11981.00, 11981.00, 11981.00, 11981.00, 11981.00, 11981.00, 12015.79, 12043.14, 12043.14, 12043.14, 12117.36, 12172.29, 12218.49, 12218.49, 12218.49, 12218.49, 12218.49, 12218.49, 12218.49, 12218.49, 12218.49, 12218.49, 12218.49, 12218.49, 12286.94, 12286.94, 12286.94, 12286.94, 12311.61, 12311.61, 12504.90, 12504.90, 12504.90, 12504.90, 12504.90, 12504.90, 12504.90, 12504.90, 12504.90, 12504.90, 12504.90, 12504.90, 12504.90, 12504.90, 12504.90, 12504.90, 12504.90, 12504.90, 12504.90, 12504.90, 12494.30, 12425.91, 12419.11, 12419.11, 12419.11, 12419.11, 12419.11, 12457.92, 12740.33, 12755.81, 13013.40, 13079.86, 13190.36, 13190.36, 13190.36, 13190.36, 13269.17, 13269.17, 13507.33, 13507.33, 13564.18, 13643.10, 13643.10, 13643.10, 13643.10, 13652.59, 13825.60, 13938.10, 14106.04, 14149.70, 14149.70, 14201.40, 14201.40, 14201.40, 14201.40, 14201.40, 14294.58, 14294.58, 14355.98, 14420.93, 14506.40, 14506.40, 14633.25, 14765.12, 15058.49, 15309.36, 15309.36, 15309.36, 15309.36, 15309.36, 15309.36, 15309.36, 15309.36, 15309.36, 15309.36, 15309.36, 15309.36, 15309.36, 15309.36, 15309.36, 15309.36, 15309.36, 15431.39, 15696.52, 15853.08, 15853.08, 15991.90, 15991.90, 15991.90, 15991.90, 16014.02, 16014.02, 16014.02, 16014.02, 16014.02, 16014.02, 16014.02, 16014.02, 16014.02, 16014.02, 16014.02, 16014.02, 16014.02, 16014.02, 16014.02, 16014.02, 16014.02, 16014.02, 16014.02, 16014.02, 16011.05, 15780.29, 15780.29, 15780.29, 15780.29, 15780.29, 15780.29, 15759.90, 15756.54, 15756.54, 15756.54, 15756.54, 15756.54, 15756.54, 15608.65, 15292.87, 15292.87, 15292.87, 15292.87, 15292.87, 15292.87, 15292.87, 15292.87, 15292.87, 15292.87, 15292.87, 15292.87, 15292.87, 15292.87, 15292.87, 15292.87, 15292.87, 15292.87, 15178.39, 15178.39, 15178.39, 15178.39, 15178.39, 15178.39, 15178.39, 15083.64, 15038.69, 15038.69, 15038.69, 15061.51, 15061.51, 15061.51, 15576.85, 15693.89, 15693.89, 15745.03, 16014.04, 16170.11, 16190.74, 16249.21, 16556.87, 16556.87, 16556.87, 16556.87, 16556.87, 16556.87, 16556.87, 16753.33, 16753.33, 16753.33, 16753.33, 16753.33, 16753.33, 16753.33, 16753.33, 16753.33, 16822.46, 16822.46, 16822.46, 16822.46, 16822.46, 16822.46, 16822.46, 16822.46, 16822.46, 16822.46, 16822.46, 16822.46, 17332.07, 17332.07, 17332.07, 17332.07, 17332.07, 17344.10, 17344.10, 17376.91, 17376.91, 17376.91, 17376.91, 17376.91, 17376.91, 17376.91, 17376.91, 17376.91, 17376.91, 17376.91, 17376.91, 17376.91, 17376.91, 17376.91, 17376.91, 17376.91, 17376.91, 17376.91, 17376.91, 17265.02, 17068.79, 16813.65, 16813.65, 16813.65, 16790.20, 16421.95, 16390.05, 16211.31, 16211.31, 16167.04, 16167.04, 16167.04, 16167.04, 16167.04, 16167.04, 16167.04, 16167.04, 16186.88, 16186.88, 16605.42, 16672.31, 16777.50, 16777.50, 16777.50, 16777.50, 16897.91, 17129.91, 17129.91, 17213.16, 17213.16, 17213.16, 17213.16, 17213.16, 17213.16, 17213.16, 17213.16, 17213.16, 17213.16, 17213.16, 17213.16, 17213.16, 17213.16, 17213.16, 17213.16, 17213.16, 17213.16, 17213.16, 17213.16, 17180.50, 17101.83, 17035.95, 17035.95, 17076.50, 17076.50, 17076.50, 17076.50, 17076.50, 17076.50, 17076.50, 17076.50, 17076.50, 17076.50, 17076.50, 17076.50, 17076.50, 17076.50, 17076.50, 17076.50, 17076.50, 17076.50, 17076.50, 17076.50, 16826.95, 16693.98, 16693.98, 16693.98, 16693.98, 16693.98, 16362.94, 16330.10, 16330.10, 16330.10, 16330.10, 16330.10, 16208.26, 16208.26, 16208.26, 16208.26, 16208.26, 16208.26, 16208.26, 16208.26, 16208.26, 16201.95, 16201.95, 15946.91, 15946.91, 15807.51, 15762.33, 15762.33, 15762.33, 15763.89, 16003.84, 16106.69, 16106.69, 16213.83, 16213.83, 16213.83, 16213.83, 16230.61, 16230.61, 16405.83, 16614.74, 16614.74, 16614.74, 16731.98, 16838.85, 16940.51, 16940.51, 16940.51, 16940.51, 17032.50, 17032.50, 17032.50, 17032.50, 17032.50, 17032.50, 17032.50, 17032.50, 17032.50, 17032.50, 17032.50, 17032.50, 17032.50, 17032.50, 17032.50, 17032.50, 17032.50, 17032.50, 17032.50, 17071.17, 17444.23, 17516.10, 17516.10, 17516.10, 17516.10, 17516.10, 17516.10, 17516.10, 17516.10)
f_donLow() => array.from<float>(10526.19, 10526.19, 10529.38, 10604.55, 10717.70, 10773.23, 10773.23, 10773.23, 10995.48, 11105.17, 11105.17, 11105.17, 11230.88, 11149.84, 10884.18, 10873.44, 10652.00, 9926.36, 9854.17, 9779.34, 9733.55, 9733.55, 9733.55, 9733.55, 9733.55, 9733.55, 9733.55, 9733.55, 9733.55, 9733.55, 9733.55, 9733.55, 9733.55, 9733.55, 9733.55, 9733.55, 9733.55, 9733.55, 9733.55, 9733.55, 9942.36, 9942.36, 9942.36, 9942.36, 9942.36, 9942.36, 9942.36, 9942.36, 9942.36, 9942.36, 9942.36, 9942.36, 9942.36, 9942.36, 9942.36, 10018.29, 10033.29, 10033.29, 10033.29, 10033.29, 10033.29, 10033.29, 10033.29, 10033.29, 10033.29, 10033.29, 10033.29, 9918.93, 9869.95, 9869.95, 9869.95, 9869.95, 9869.95, 9869.95, 9869.95, 9869.95, 9868.82, 9868.82, 9868.82, 9868.82, 9868.82, 9868.82, 9868.82, 9868.82, 9868.82, 9868.82, 9868.82, 9868.82, 9868.82, 9868.82, 9868.82, 9868.82, 9868.82, 9868.82, 9868.82, 9868.82, 9962.26, 10097.16, 10097.16, 10202.37, 10225.57, 10182.61, 10153.19, 10128.91, 10055.95, 10055.95, 10055.95, 9965.50, 9899.90, 9899.90, 9899.90, 9899.90, 9899.90, 9899.90, 9899.90, 9899.90, 9899.90, 9899.90, 9899.90, 9899.90, 9899.90, 9899.90, 9899.90, 9899.90, 9899.90, 9899.90, 9899.90, 9899.90, 9906.98, 9933.43, 10112.27, 10082.39, 10082.39, 10082.39, 10082.39, 10082.39, 10082.39, 10082.39, 10082.39, 10082.39, 10082.39, 10082.39, 10082.39, 10082.39, 10082.39, 10082.39, 10082.39, 10082.39, 10082.39, 10082.39, 10082.39, 10113.22, 10113.22, 10113.22, 10137.03, 10277.01, 10277.01, 10277.01, 10277.01, 10277.01, 10277.01, 10277.01, 10374.19, 10566.20, 11070.37, 11127.44, 11127.44, 11122.53, 11122.53, 11122.53, 11122.53, 11122.53, 11122.53, 11122.53, 11122.53, 11122.53, 11122.53, 11122.53, 11122.53, 11122.53, 11122.53, 11122.53, 11122.53, 11122.53, 11122.53, 11122.53, 11122.53, 11323.11, 11326.58, 11499.92, 11500.20, 11628.70, 11628.70, 11628.70, 11628.70, 11628.70, 11628.70, 11628.70, 11628.70, 11628.70, 11628.70, 11628.70, 11628.70, 11628.70, 11628.70, 11672.94, 11731.41, 11786.24, 11797.55, 11837.37, 11837.37, 11953.31, 11953.31, 11953.31, 11953.31, 11953.31, 12009.78, 12009.78, 12009.78, 12009.78, 12009.78, 12009.78, 12009.78, 12009.78, 12009.78, 12009.78, 12009.78, 12009.78, 12009.78, 12018.11, 12023.52, 12023.52, 12023.52, 12085.08, 12085.08, 11618.87, 11558.44, 11558.44, 11558.44, 11558.44, 11558.44, 11558.44, 11385.70, 11348.82, 11348.82, 11348.82, 11348.82, 11348.82, 11348.82, 11348.82, 11348.82, 11348.82, 11341.43, 11341.43, 11341.43, 11341.43, 11341.43, 11341.43, 11341.43, 11341.43, 11341.43, 11341.43, 11341.43, 11341.43, 11341.43, 11341.43, 11341.43, 11341.43, 11341.43, 11341.43, 11341.43, 11341.43, 12042.57, 12117.15, 12111.00, 12110.03, 12055.34, 12055.34, 12055.34, 12055.34, 12037.95, 11952.00, 11928.07, 11785.56, 11785.56, 11785.56, 11785.56, 11759.84, 11747.77, 11699.92, 11699.92, 11642.64, 11554.91, 11462.86, 11355.53, 11208.97, 11188.54, 11188.54, 11188.54, 11188.54, 10899.61, 10899.61, 10899.61, 10899.61, 10899.61, 10899.61, 10899.61, 10899.61, 10899.61, 10899.61, 10899.61, 10899.61, 10899.61, 10899.61, 10899.61, 10899.61, 10899.61, 10899.61, 10899.61, 10899.61, 10955.41, 10955.41, 11246.68, 11332.62, 11337.90, 11497.02, 11497.02, 11497.02, 11562.63, 11680.97, 11657.21, 11636.18, 11203.11, 11203.11, 11203.11, 11203.11, 11203.11, 11203.11, 11203.11, 11203.11, 11203.11, 11203.11, 11203.11, 11203.11, 11203.11, 11203.11, 11203.11, 11203.11, 11203.11, 11203.11, 11203.11, 11203.11, 11317.61, 11317.61, 11317.61, 11317.61, 11317.61, 11317.61, 11457.85, 11513.48, 11561.95, 11561.95, 11651.03, 11720.50, 11720.50, 11720.50, 11720.50, 11720.50, 11720.50, 11757.79, 11757.79, 11762.46, 11827.60, 11827.60, 11827.60, 11827.60, 11827.60, 11827.60, 11827.60, 11827.60, 11827.60, 11827.60, 11827.60, 11827.60, 11827.60, 11827.60, 11840.28, 11846.18, 12019.74, 12080.40, 12080.40, 12114.70, 12115.40, 12115.40, 12143.02, 12143.02, 12186.65, 12180.89, 12162.50, 12139.69, 12095.67, 12055.22, 12055.22, 12055.22, 12055.22, 12055.22, 12055.22, 12055.22, 12055.22, 12055.22, 12055.22, 12055.22, 12055.22, 12055.22, 12055.22, 12055.22, 12055.22, 12055.22, 12055.22, 12055.22, 12055.22, 12106.25, 12236.81, 12236.81, 12394.57, 12394.57, 12552.49, 12707.98, 12804.17, 12929.65, 12929.65, 12929.65, 12929.65, 12953.96, 13112.42, 13127.92, 13328.60, 13328.60, 13429.13, 13434.77, 13434.77, 13434.77, 13434.77, 13454.04, 13722.56, 13726.81, 13726.81, 13726.81, 13726.81, 13726.81, 13726.81, 13726.81, 13789.09, 13789.09, 14125.75, 14125.75, 14214.78, 14254.87, 14255.47, 14255.47, 14419.08, 14572.44, 14604.97, 14604.97, 14604.97, 14604.97, 14604.97, 14604.97, 14604.97, 14604.97, 14604.97, 14604.97, 14604.97, 14604.97, 14903.36, 14923.65, 14923.65, 14923.65, 14968.70, 15114.09, 15169.38, 15220.01, 15220.01, 15220.01, 15220.01, 14959.34, 14959.34, 14770.46, 14655.86, 14592.48, 14592.48, 14592.48, 14592.48, 14592.48, 14489.70, 14153.82, 14153.82, 14153.82, 14153.82, 14153.82, 14153.82, 14153.82, 14153.82, 14153.82, 14153.82, 14153.82, 14153.82, 14153.82, 14153.82, 14153.82, 14153.82, 14153.82, 14153.82, 14153.82, 14153.82, 14261.43, 14614.50, 14614.50, 14542.06, 14500.01, 14348.45, 14327.70, 14327.70, 14311.38, 14311.38, 14311.38, 14311.38, 14311.38, 14311.38, 14311.38, 14311.38, 14311.38, 14311.38, 14311.38, 14311.38, 14311.38, 14311.38, 14311.38, 14311.38, 14311.38, 14311.38, 14311.38, 14311.38, 14327.31, 14375.15, 14627.04, 14627.04, 14644.06, 14710.04, 14713.34, 14713.34, 14713.34, 14713.34, 14713.34, 14713.34, 15345.17, 15521.56, 15534.76, 15573.25, 15842.61, 15915.87, 15915.87, 16125.04, 16183.11, 16183.11, 16183.11, 16183.11, 16183.11, 16183.11, 16247.93, 16247.93, 16343.59, 16343.59, 16343.59, 16343.59, 16343.59, 16343.59, 16391.41, 16391.41, 16399.61, 16399.61, 16399.61, 16399.61, 16399.61, 16399.61, 16410.62, 16300.76, 16222.65, 16005.64, 16005.64, 16005.64, 15795.65, 15740.12, 15023.65, 15023.65, 15023.65, 15023.65, 15023.65, 15023.65, 15023.65, 15023.65, 15023.65, 15023.65, 15023.65, 15023.65, 15023.65, 15023.65, 15023.65, 15023.65, 15023.65, 15023.65, 15023.65, 15023.65, 15109.74, 15317.76, 15461.54, 15461.54, 15461.54, 15461.54, 15461.54, 15461.54, 15461.54, 15461.54, 15461.54, 15461.54, 15461.54, 15463.29, 15463.29, 15463.29, 15463.79, 15463.79, 15463.79, 15463.79, 15463.79, 15463.79, 15463.79, 15770.89, 15772.45, 16304.53, 16387.95, 16316.57, 16316.57, 16252.84, 16252.84, 16252.84, 16252.84, 16252.84, 16252.84, 16252.84, 16252.84, 16252.84, 16252.84, 16252.84, 16252.84, 16252.84, 16252.84, 16252.84, 16252.84, 16252.84, 16227.87, 16215.24, 16085.96, 16085.96, 16085.96, 16085.96, 15943.90, 15924.13, 15924.13, 15924.13, 15924.13, 15875.11, 15852.17, 15852.17, 15852.17, 15852.17, 15852.17, 15806.67, 15775.98, 15624.09, 15614.93, 15417.34, 15372.18, 15234.04, 15124.56, 14958.75, 14958.75, 14958.75, 14958.75, 14958.75, 14958.75, 14958.75, 14958.75, 14958.75, 14958.75, 14958.75, 14958.75, 14958.75, 14958.75, 14958.75, 14958.75, 14958.75, 14958.75, 14958.75, 14958.75, 15017.85, 15017.85, 15146.56, 15146.56, 15195.51, 15248.71, 15277.02, 15277.02, 15277.02, 15277.02, 15277.02, 15277.02, 15277.02, 15277.02, 15277.02, 15363.55, 15485.25, 15716.97, 15902.43, 15902.43, 15902.43, 15902.43, 15902.43, 15902.43, 15998.24, 15998.24, 16129.00, 16120.41, 16120.41, 16120.41, 16120.41, 16120.41, 16120.41, 16120.41, 16120.41, 16120.41, 16120.41, 16120.41, 16120.41, 16120.41, 16120.41, 16120.41, 16120.41, 16120.41, 16120.41, 16120.41)
f_sigLong() => array.from<int>(0, 0, 0, 0, 0, 0, 0, 0, 0, 0, 0, 0, 0, 0, 0, 0, 0, 0, 0, 0, 0, 0, 0, 0, 0, 0, 0, 0, 0, 0, 0, 0, 0, 0, 0, 0, 0, 0, 0, 0, 0, 0, 0, 0, 0, 0, 0, 0, 0, 0, 0, 0, 0, 0, 0, 0, 0, 0, 0, 0, 0, 0, 0, 0, 0, 0, 0, 0, 0, 0, 0, 0, 0, 0, 0, 0, 0, 0, 0, 0, 0, 0, 0, 0, 0, 0, 0, 0, 0, 0, 0, 0, 0, 0, 0, 0, 0, 0, 0, 0, 0, 0, 0, 0, 0, 0, 0, 0, 0, 0, 0, 0, 0, 0, 0, 0, 0, 0, 0, 0, 0, 0, 0, 0, 0, 0, 0, 0, 0, 0, 0, 0, 0, 0, 0, 0, 0, 0, 0, 0, 0, 0, 0, 0, 0, 0, 0, 1, 0, 0, 0, 0, 0, 0, 0, 0, 0, 0, 0, 0, 0, 0, 0, 0, 0, 0, 0, 0, 0, 0, 0, 0, 0, 0, 0, 0, 0, 0, 0, 0, 0, 0, 0, 0, 0, 0, 0, 0, 0, 0, 0, 0, 0, 0, 0, 0, 0, 0, 0, 0, 0, 0, 0, 0, 0, 0, 0, 0, 0, 0, 0, 0, 0, 0, 0, 0, 0, 0, 0, 0, 0, 0, 0, 0, 0, 0, 0, 0, 0, 0, 0, 0, 0, 0, 0, 0, 0, 0, 0, 0, 0, 0, 0, 0, 0, 0, 0, 0, 0, 0, 0, 0, 0, 0, 0, 0, 0, 0, 0, 0, 1, 0, 0, 0, 0, 0, 0, 0, 0, 0, 0, 0, 0, 0, 0, 0, 0, 0, 0, 0, 0, 0, 0, 0, 0, 0, 0, 0, 0, 0, 0, 0, 0, 0, 0, 0, 0, 0, 0, 0, 0, 0, 0, 0, 0, 0, 0, 0, 0, 0, 0, 0, 0, 0, 0, 0, 0, 0, 0, 0, 0, 0, 0, 0, 0, 0, 0, 0, 0, 0, 0, 0, 0, 0, 0, 0, 0, 0, 0, 0, 0, 0, 0, 0, 0, 0, 0, 0, 0, 0, 0, 0, 0, 0, 0, 0, 0, 0, 1, 0, 0, 0, 0, 0, 0, 0, 0, 0, 0, 0, 0, 0, 0, 0, 0, 0, 0, 0, 0, 0, 0, 0, 0, 0, 0, 0, 0, 0, 0, 0, 0, 0, 0, 0, 0, 0, 0, 0, 0, 0, 0, 0, 0, 0, 0, 0, 0, 0, 0, 0, 0, 0, 0, 0, 0, 0, 0, 0, 0, 0, 0, 0, 0, 0, 0, 0, 0, 0, 0, 0, 0, 0, 0, 0, 0, 0, 0, 0, 0, 0, 0, 0, 0, 0, 0, 0, 0, 0, 0, 0, 0, 0, 0, 0, 0, 0, 0, 0, 0, 0, 1, 0, 0, 0, 0, 0, 0, 0, 0, 0, 0, 0, 0, 0, 0, 0, 0, 0, 0, 0, 0, 0, 0, 0, 0, 0, 0, 0, 0, 0, 0, 0, 0, 0, 0, 0, 0, 0, 0, 0, 0, 0, 0, 0, 0, 0, 0, 0, 0, 0, 0, 0, 0, 0, 0, 0, 0, 0, 0, 0, 0, 0, 0, 0, 0, 0, 0, 0, 0, 0, 0, 0, 0, 0, 0, 1, 0, 0, 0, 0, 0, 0, 0, 0, 0, 0, 0, 0, 0, 0, 0, 0, 0, 0, 0, 0, 0, 0, 0, 0, 0, 0, 0, 0, 0, 0, 0, 0, 0, 0, 0, 0, 0, 0, 0, 0, 0, 0, 0, 0, 0, 0, 0, 0, 0, 0, 0, 0, 0, 0, 0, 0, 0, 0, 0, 0, 0, 0, 0, 0, 0, 0, 0, 0, 0, 0, 0, 0, 0, 0, 0, 0, 0, 0, 0, 0, 0, 0, 0, 0, 0, 0, 0, 0, 0, 0, 0, 0, 0, 0, 0, 0, 0, 0, 0, 0, 0, 0, 0, 0, 0, 0, 0, 0, 0, 0, 0, 0, 0, 0, 0, 0, 0, 0, 0, 0, 0, 0, 0, 0, 0, 0, 0, 0, 0, 0, 0, 0, 0, 0, 0, 0, 0, 0, 0, 0, 0, 0, 0, 0, 0, 0, 0, 0, 0, 0, 0, 0, 0, 0, 0, 0, 0, 0, 0, 0, 0, 0, 0, 0, 0, 0, 0, 0, 0, 0, 0, 0, 0, 0, 1, 0, 0, 0, 0, 0, 0, 0, 0, 0, 0, 0, 0, 0, 0, 0, 0, 0, 0, 0, 0, 0, 0, 0, 0, 0, 0, 0, 0, 0, 0, 0, 0, 0, 0, 0, 0, 0, 0, 0)
f_sigShort() => array.from<int>(0, 0, 0, 0, 0, 0, 0, 0, 0, 0, 0, 0, 0, 0, 0, 0, 0, 0, 0, 0, 0, 0, 0, 0, 0, 0, 0, 0, 0, 0, 0, 0, 0, 0, 0, 0, 0, 0, 0, 0, 0, 0, 0, 0, 0, 0, 0, 0, 0, 0, 0, 0, 0, 0, 0, 0, 0, 0, 0, 0, 0, 0, 0, 0, 0, 0, 1, 0, 0, 0, 0, 0, 0, 0, 0, 0, 0, 0, 0, 0, 0, 0, 0, 0, 0, 0, 0, 0, 0, 0, 0, 0, 0, 0, 0, 0, 0, 0, 0, 0, 1, 0, 0, 0, 0, 0, 0, 0, 0, 0, 0, 0, 0, 0, 0, 0, 0, 0, 0, 0, 0, 0, 0, 0, 0, 0, 0, 0, 0, 0, 0, 0, 0, 0, 0, 0, 0, 0, 0, 0, 0, 0, 0, 0, 0, 0, 0, 0, 0, 0, 0, 0, 0, 0, 0, 0, 0, 0, 0, 0, 0, 0, 0, 0, 0, 0, 0, 0, 0, 0, 0, 0, 0, 0, 0, 0, 0, 0, 0, 0, 0, 0, 0, 0, 0, 0, 0, 0, 0, 0, 0, 0, 0, 0, 0, 0, 0, 0, 0, 0, 0, 0, 0, 0, 0, 0, 0, 0, 0, 0, 0, 0, 0, 0, 0, 0, 0, 0, 0, 0, 0, 0, 0, 0, 0, 0, 0, 0, 0, 0, 0, 0, 0, 0, 0, 0, 0, 0, 0, 0, 0, 0, 0, 0, 0, 0, 0, 0, 0, 0, 0, 0, 0, 0, 0, 0, 0, 0, 0, 0, 0, 0, 0, 0, 0, 0, 0, 0, 0, 0, 0, 0, 0, 0, 0, 0, 0, 0, 0, 0, 0, 0, 0, 0, 0, 0, 0, 0, 0, 0, 0, 0, 0, 0, 0, 0, 0, 0, 0, 1, 0, 0, 0, 0, 0, 0, 0, 0, 0, 0, 0, 0, 0, 0, 0, 0, 0, 0, 0, 0, 0, 0, 0, 0, 0, 0, 0, 0, 0, 0, 0, 0, 0, 0, 0, 0, 0, 0, 0, 0, 0, 0, 0, 0, 0, 0, 0, 0, 0, 0, 0, 0, 0, 0, 0, 0, 0, 0, 0, 0, 0, 0, 0, 0, 0, 0, 0, 0, 0, 0, 0, 0, 0, 0, 0, 0, 0, 0, 0, 0, 0, 0, 0, 0, 0, 0, 0, 0, 0, 0, 0, 0, 0, 0, 0, 0, 0, 0, 0, 0, 0, 0, 0, 0, 0, 0, 0, 0, 0, 0, 0, 0, 0, 0, 0, 0, 0, 0, 0, 0, 0, 0, 0, 0, 0, 0, 0, 0, 0, 0, 0, 0, 0, 0, 0, 0, 0, 0, 0, 0, 0, 0, 0, 0, 0, 0, 0, 0, 0, 0, 0, 0, 0, 0, 0, 0, 0, 0, 0, 0, 0, 0, 0, 0, 0, 0, 0, 0, 0, 0, 0, 0, 0, 0, 0, 0, 0, 0, 0, 0, 0, 0, 0, 0, 0, 0, 0, 0, 0, 0, 0, 0, 0, 0, 0, 0, 0, 0, 0, 0, 0, 0, 0, 0, 0, 0, 0, 0, 0, 0, 0, 0, 0, 0, 0, 0, 0, 0, 0, 0, 0, 0, 0, 0, 0, 0, 0, 0, 0, 0, 0, 0, 0, 0, 0, 0, 0, 0, 0, 0, 0, 0, 0, 0, 0, 0, 0, 0, 0, 0, 0, 0, 0, 0, 0, 0, 0, 0, 0, 0, 0, 0, 0, 0, 0, 0, 0, 0, 0, 0, 0, 0, 0, 0, 0, 0, 0, 0, 0, 0, 0, 0, 0, 0, 0, 0, 0, 0, 0, 0, 0, 0, 0, 0, 0, 0, 0, 0, 0, 0, 0, 0, 0, 0, 0, 0, 0, 0, 0, 0, 0, 0, 0, 0, 0, 0, 0, 0, 0, 0, 0, 0, 0, 0, 0, 0, 0, 0, 0, 0, 0, 0, 0, 0, 0, 0, 0, 0, 0, 0, 0, 0, 0, 0, 0, 0, 0, 0, 0, 0, 0, 0, 0, 0, 0, 0, 0, 0, 0, 0, 0, 0, 0, 0, 0, 0, 0, 0, 0, 0, 0, 0, 0, 0, 0, 0, 0, 0, 0, 0, 0, 0, 0, 0, 0, 0, 0, 0, 0, 0, 0, 0, 0, 0, 0, 0, 0, 0, 0, 0, 0, 0, 0, 0, 0, 0, 0, 0, 0, 0, 0, 0, 0, 0, 0, 0, 0, 0, 0, 0, 0, 0, 0, 0, 0, 0, 0, 0, 0, 0, 0, 0, 0, 0, 0, 0, 0, 0, 0, 0, 0, 0, 0, 0, 0, 0, 0, 0, 0, 0)
// ---- PAYLOAD-END
